"Fecha","Cierre","Apertura","Máximo","Mínimo","% var."
"08.08.2011","12.3400","12.0715","12.3543","12.0500","2.89"
"09.08.2011","12.0228","12.3385","12.7675","12.0105","-2.57"
"10.08.2011","12.5468","12.0254","12.5861","12.0217","4.36"
"11.08.2011","12.2768","12.5535","12.6020","12.2218","-2.15"
"12.08.2011","12.3223","12.2884","12.4043","12.2295","0.37"
"15.08.2011","12.2437","12.2896","12.3160","12.1980","-0.64"
"16.08.2011","12.2538","12.2448","12.3015","12.2157","0.08"
"17.08.2011","12.1697","12.2545","12.2826","12.1380","-0.69"
"18.08.2011","12.2663","12.1700","12.4347","12.1675","0.79"
"19.08.2011","12.2979","12.2817","12.3725","12.1995","0.26"
"22.08.2011","12.3617","12.3185","12.3774","12.2191","0.52"
"23.08.2011","12.3208","12.3606","12.3900","12.2680","-0.33"
"24.08.2011","12.4745","12.3181","12.4877","12.3155","1.25"
"25.08.2011","12.5113","12.4821","12.5349","12.3690","0.30"
"26.08.2011","12.4650","12.5074","12.5748","12.4442","-0.37"
"29.08.2011","12.4659","12.4580","12.4700","12.3695","0.01"
"30.08.2011","12.5140","12.4648","12.5489","12.4408","0.39"
"31.08.2011","12.3374","12.5240","12.5287","12.2802","-1.41"
"01.09.2011","12.3035","12.3326","12.4000","12.2342","-0.27"
"02.09.2011","12.4100","12.3134","12.4532","12.2935","0.87"
"05.09.2011","12.5319","12.4029","12.5875","12.4029","0.98"
"06.09.2011","12.5069","12.5420","12.5747","12.4733","-0.20"
"07.09.2011","12.4638","12.5153","12.5259","12.4151","-0.34"
"08.09.2011","12.5132","12.4830","12.5446","12.4558","0.40"
"09.09.2011","12.6988","12.5107","12.7004","12.4856","1.48"
"12.09.2011","12.8556","12.7004","12.9955","12.6787","1.23"
"13.09.2011","12.8878","12.8610","12.9960","12.7874","0.25"
"14.09.2011","12.9306","12.8934","13.0264","12.8613","0.33"
"15.09.2011","12.9443","12.9321","12.9904","12.8040","0.11"
"16.09.2011","13.0484","12.9395","13.0585","12.8829","0.80"
"19.09.2011","13.1285","13.0575","13.2471","13.0562","0.61"
"20.09.2011","13.2350","13.1451","13.2407","13.0564","0.81"
"21.09.2011","13.6998","13.2256","13.7297","13.1892","3.51"
"22.09.2011","14.0703","13.6810","14.1044","13.6784","2.70"
"23.09.2011","13.5350","14.0550","14.1384","13.5050","-3.80"
"26.09.2011","13.5295","13.5785","13.7905","13.4015","-0.04"
"27.09.2011","13.3675","13.5181","13.5470","13.2720","-1.20"
"28.09.2011","13.5600","13.3611","13.6173","13.3079","1.44"
"29.09.2011","13.7198","13.5434","13.7543","13.3880","1.18"
"30.09.2011","13.9000","13.7416","13.9572","13.6820","1.31"
"03.10.2011","14.0431","13.8620","14.0523","13.7828","1.03"
"04.10.2011","13.7679","14.0639","14.1008","13.7114","-1.96"
"05.10.2011","13.5534","13.7737","13.8301","13.4663","-1.56"
"06.10.2011","13.4328","13.5596","13.6526","13.3780","-0.89"
"07.10.2011","13.4600","13.4631","13.5253","13.2320","0.20"
"10.10.2011","13.2425","13.4427","13.4477","13.2180","-1.62"
"11.10.2011","13.3990","13.2368","13.4075","13.2280","1.18"
"12.10.2011","13.2825","13.4066","13.4157","13.1818","-0.87"
"13.10.2011","13.4373","13.2937","13.4454","13.2549","1.17"
"14.10.2011","13.2515","13.4394","13.5657","13.2231","-1.38"
"17.10.2011","13.4890","13.2630","13.4969","13.1433","1.79"
"18.10.2011","13.3996","13.4893","13.5535","13.3340","-0.66"
"19.10.2011","13.4564","13.3915","13.4971","13.3020","0.42"
"20.10.2011","13.7099","13.4614","13.8136","13.3920","1.88"
"21.10.2011","13.6780","13.6919","13.7530","13.5540","-0.23"
"24.10.2011","13.3671","13.6702","13.6818","13.3576","-2.27"
"25.10.2011","13.5199","13.3789","13.5520","13.2930","1.14"
"26.10.2011","13.4041","13.5296","13.5399","13.3495","-0.86"
"27.10.2011","13.1110","13.4244","13.4258","13.0920","-2.19"
"28.10.2011","12.9960","13.1148","13.1665","12.9950","-0.88"
"31.10.2011","13.3604","13.0169","13.3767","13.0129","2.80"
"01.11.2011","13.6197","13.3648","13.7720","13.3400","1.94"
"02.11.2011","13.5551","13.6050","13.6408","13.4310","-0.47"
"03.11.2011","13.3503","13.5306","13.6626","13.3120","-1.51"
"04.11.2011","13.4810","13.3310","13.5255","13.2750","0.98"
"07.11.2011","13.4283","13.4290","13.5675","13.4050","-0.39"
"08.11.2011","13.3357","13.4170","13.4741","13.3316","-0.69"
"09.11.2011","13.6776","13.3353","13.6909","13.3343","2.56"
"10.11.2011","13.5435","13.6793","13.7270","13.5060","-0.98"
"11.11.2011","13.4915","13.5375","13.5778","13.3835","-0.38"
"14.11.2011","13.5018","13.4432","13.5676","13.4358","0.08"
"15.11.2011","13.6056","13.5157","13.6161","13.4570","0.77"
"16.11.2011","13.6453","13.6111","13.6581","13.5045","0.29"
"17.11.2011","13.7158","13.6396","13.7490","13.5984","0.52"
"18.11.2011","13.7263","13.7166","13.7873","13.6037","0.08"
"21.11.2011","14.0175","13.7404","14.0555","13.7185","2.12"
"22.11.2011","13.9775","14.0145","14.0965","13.9175","-0.29"
"23.11.2011","14.1970","13.9806","14.2250","13.9610","1.57"
"24.11.2011","14.1964","14.1796","14.2373","14.0436","-0.00"
"25.11.2011","14.2040","14.2050","14.3100","14.1840","0.05"
"28.11.2011","14.0239","14.2112","14.2112","13.9533","-1.27"
"29.11.2011","13.7929","14.0271","14.0389","13.7305","-1.65"
"30.11.2011","13.6438","13.8163","13.8698","13.4988","-1.08"
"01.12.2011","13.6014","13.6252","13.6773","13.5292","-0.31"
"02.12.2011","13.6200","13.6103","13.6279","13.4434","0.14"
"05.12.2011","13.5292","13.5538","13.5760","13.4358","-0.67"
"06.12.2011","13.4710","13.5350","13.5570","13.4300","-0.43"
"07.12.2011","13.5186","13.4759","13.5584","13.4449","0.35"
"08.12.2011","13.7208","13.4982","13.7332","13.4402","1.50"
"09.12.2011","13.5850","13.7169","13.7639","13.5549","-0.99"
"12.12.2011","13.8142","13.5899","13.8828","13.5739","1.69"
"13.12.2011","13.8693","13.8161","13.9027","13.7297","0.40"
"14.12.2011","13.9029","13.8679","13.9645","13.8325","0.24"
"15.12.2011","13.8958","13.8880","13.9184","13.7384","-0.05"
"16.12.2011","13.8550","13.9060","13.9355","13.7812","-0.29"
"19.12.2011","13.9016","13.8504","13.9154","13.8299","0.34"
"20.12.2011","13.7843","13.9029","13.9160","13.7285","-0.84"
"21.12.2011","13.8300","13.7868","13.8877","13.6747","0.33"
"22.12.2011","13.8197","13.8258","13.8412","13.7578","-0.07"
"23.12.2011","13.8362","13.8238","13.8731","13.7699","0.12"
"26.12.2011","13.8620","13.8602","13.8754","13.8370","0.19"
"27.12.2011","14.0120","13.8510","14.0485","13.8501","1.08"
"28.12.2011","13.9788","14.0053","14.0364","13.9041","-0.24"
"29.12.2011","14.0156","13.9816","14.0263","13.9561","0.26"
"30.12.2011","13.9547","14.0004","14.0241","13.9160","-0.43"
"02.01.2012","13.9100","13.9320","13.9849","13.8939","-0.32"
"03.01.2012","13.6515","13.9141","13.9371","13.6351","-1.86"
"04.01.2012","13.6680","13.6485","13.7614","13.6389","0.12"
"05.01.2012","13.7580","13.6803","13.7925","13.6580","0.66"
"06.01.2012","13.7210","13.7731","13.7972","13.6603","-0.27"
"09.01.2012","13.6921","13.7527","13.7672","13.6788","-0.21"
"10.01.2012","13.6445","13.6928","13.7070","13.5430","-0.35"
"11.01.2012","13.6103","13.6287","13.7064","13.6013","-0.25"
"12.01.2012","13.5394","13.6105","13.6264","13.5195","-0.52"
"13.01.2012","13.5985","13.5327","13.6937","13.5048","0.44"
"16.01.2012","13.5475","13.6150","13.6274","13.5235","-0.38"
"17.01.2012","13.4336","13.5484","13.5719","13.3976","-0.84"
"18.01.2012","13.3056","13.4413","13.4606","13.2821","-0.95"
"19.01.2012","13.2313","13.3092","13.3467","13.2167","-0.56"
"20.01.2012","13.1758","13.2265","13.2912","13.1650","-0.42"
"23.01.2012","13.1558","13.1933","13.2121","13.0844","-0.15"
"24.01.2012","13.1348","13.1728","13.2578","13.1130","-0.16"
"25.01.2012","13.0157","13.1038","13.1971","12.9981","-0.91"
"26.01.2012","13.0027","13.0149","13.0442","12.8296","-0.10"
"27.01.2012","12.9221","13.0046","13.0489","12.9055","-0.62"
"30.01.2012","12.9924","12.9219","13.0589","12.9219","0.54"
"31.01.2012","13.0446","12.9776","13.0620","12.8995","0.40"
"01.02.2012","12.8959","13.0426","13.0722","12.8535","-1.14"
"02.02.2012","12.8055","12.9005","12.9280","12.7843","-0.70"
"03.02.2012","12.6791","12.8035","12.8513","12.6640","-0.99"
"06.02.2012","12.6680","12.7001","12.7420","12.6122","-0.09"
"07.02.2012","12.6860","12.6705","12.7333","12.6183","0.14"
"08.02.2012","12.7184","12.6755","12.7352","12.6208","0.26"
"09.02.2012","12.6806","12.7198","12.7729","12.6645","-0.30"
"10.02.2012","12.8220","12.6703","12.8506","12.6661","1.12"
"13.02.2012","12.7058","12.7760","12.7800","12.6680","-0.91"
"14.02.2012","12.7688","12.7006","12.8229","12.6890","0.50"
"15.02.2012","12.8597","12.7615","12.8711","12.6960","0.71"
"16.02.2012","12.8141","12.8824","13.0022","12.7932","-0.35"
"17.02.2012","12.7628","12.8254","12.8351","12.7414","-0.40"
"20.02.2012","12.7055","12.7153","12.7187","12.6681","-0.45"
"21.02.2012","12.7765","12.6957","12.8164","12.6772","0.56"
"22.02.2012","12.8485","12.7831","12.8523","12.7690","0.56"
"23.02.2012","12.8279","12.8528","12.9015","12.7325","-0.16"
"24.02.2012","12.8938","12.8263","12.9184","12.7764","0.51"
"27.02.2012","12.8902","12.9067","12.9854","12.8430","-0.03"
"28.02.2012","12.8466","12.8925","12.9027","12.8117","-0.34"
"29.02.2012","12.8460","12.8490","12.8722","12.7575","-0.00"
"01.03.2012","12.7368","12.8514","12.8832","12.7225","-0.85"
"02.03.2012","12.7564","12.7185","12.8084","12.7175","0.15"
"05.03.2012","12.8409","12.7586","12.8457","12.7531","0.66"
"06.03.2012","12.9994","12.8438","13.0486","12.8215","1.23"
"07.03.2012","12.8750","12.9996","13.0227","12.8580","-0.96"
"08.03.2012","12.6995","12.8736","12.9080","12.6641","-1.36"
"09.03.2012","12.6606","12.6758","12.7305","12.6056","-0.31"
"12.03.2012","12.6639","12.6456","12.7468","12.6436","0.03"
"13.03.2012","12.5539","12.6610","12.6849","12.5467","-0.87"
"14.03.2012","12.7338","12.5547","12.7372","12.5529","1.43"
"15.03.2012","12.6562","12.7251","12.7443","12.6347","-0.61"
"16.03.2012","12.6708","12.6596","12.6955","12.6157","0.12"
"19.03.2012","12.6359","12.6675","12.7037","12.5859","-0.28"
"20.03.2012","12.6490","12.6325","12.7333","12.6295","0.10"
"21.03.2012","12.7069","12.6656","12.7363","12.6090","0.46"
"22.03.2012","12.8089","12.7104","12.8671","12.6862","0.80"
"23.03.2012","12.7475","12.8195","12.8780","12.7393","-0.48"
"26.03.2012","12.6640","12.7588","12.7831","12.6480","-0.66"
"27.03.2012","12.7155","12.6689","12.7309","12.6170","0.41"
"28.03.2012","12.7653","12.7086","12.8372","12.6750","0.39"
"29.03.2012","12.8096","12.7588","12.8901","12.7410","0.35"
"30.03.2012","12.8070","12.8059","12.8357","12.7445","-0.02"
"02.04.2012","12.7375","12.7734","12.8173","12.7126","-0.54"
"03.04.2012","12.7930","12.7189","12.8117","12.6995","0.44"
"04.04.2012","12.7906","12.7727","12.8534","12.7608","-0.02"
"05.04.2012","12.8684","12.7967","12.8854","12.7550","0.61"
"06.04.2012","12.9862","12.8681","13.0610","12.8621","0.92"
"09.04.2012","12.9660","12.9912","13.0440","12.9385","-0.16"
"10.04.2012","13.1645","12.9677","13.2049","12.9455","1.53"
"11.04.2012","13.1632","13.1529","13.1917","13.0990","-0.01"
"12.04.2012","13.0275","13.1669","13.1734","13.0215","-1.03"
"13.04.2012","13.1805","13.0325","13.1984","13.0281","1.17"
"16.04.2012","13.2203","13.1609","13.2785","13.1496","0.30"
"17.04.2012","13.1062","13.2063","13.2477","13.0488","-0.86"
"18.04.2012","13.1825","13.0965","13.1866","13.0718","0.58"
"19.04.2012","13.2013","13.1836","13.2740","13.1406","0.14"
"20.04.2012","13.1000","13.2038","13.2250","13.0921","-0.77"
"23.04.2012","13.1705","13.1020","13.2270","13.0805","0.54"
"24.04.2012","13.1642","13.1745","13.2036","13.1158","-0.05"
"25.04.2012","13.1601","13.1654","13.1941","13.1130","-0.03"
"26.04.2012","13.1776","13.1609","13.2488","13.1110","0.13"
"27.04.2012","12.9677","13.2003","13.2509","12.9624","-1.59"
"30.04.2012","13.0156","12.9755","13.0460","12.9487","0.37"
"01.05.2012","12.9108","13.0228","13.0444","12.8792","-0.81"
"02.05.2012","12.9364","12.9138","12.9820","12.9039","0.20"
"03.05.2012","13.0212","12.9383","13.0243","12.9070","0.66"
"04.05.2012","13.1720","13.0072","13.1870","12.9730","1.16"
"07.05.2012","13.1660","13.2938","13.2938","13.1341","-0.05"
"08.05.2012","13.3613","13.1653","13.3946","13.1530","1.48"
"09.05.2012","13.5180","13.3711","13.5740","13.3514","1.17"
"10.05.2012","13.5169","13.5337","13.5478","13.4010","-0.01"
"11.05.2012","13.5755","13.5495","13.5855","13.4815","0.43"
"14.05.2012","13.7288","13.5778","13.7514","13.5441","1.13"
"15.05.2012","13.8272","13.7320","13.8431","13.6222","0.72"
"16.05.2012","13.7665","13.8277","13.9486","13.7318","-0.44"
"17.05.2012","13.8350","13.7547","13.8620","13.7030","0.50"
"18.05.2012","13.8050","13.8340","13.9052","13.7290","-0.22"
"21.05.2012","13.6965","13.8036","13.8294","13.6874","-0.79"
"22.05.2012","13.9015","13.7017","13.9119","13.6665","1.50"
"23.05.2012","13.9952","13.9020","14.0792","13.9000","0.67"
"24.05.2012","14.0130","14.0065","14.0663","13.9250","0.13"
"25.05.2012","14.0217","14.0096","14.0567","13.9526","0.06"
"28.05.2012","13.9469","13.9322","13.9651","13.9024","-0.53"
"29.05.2012","13.8873","13.9456","13.9843","13.8597","-0.43"
"30.05.2012","14.1555","13.8848","14.1616","13.8727","1.93"
"31.05.2012","14.3716","14.1483","14.3844","14.0870","1.53"
"01.06.2012","14.3135","14.3600","14.6025","14.2645","-0.40"
"04.06.2012","14.2311","14.3061","14.3591","14.1720","-0.58"
"05.06.2012","14.2080","14.2020","14.2798","14.1706","-0.16"
"06.06.2012","14.0280","14.2110","14.2497","14.0260","-1.27"
"07.06.2012","14.0668","14.0317","14.0858","13.8298","0.28"
"08.06.2012","13.9212","14.0637","14.2189","13.9097","-1.04"
"11.06.2012","14.1037","13.8499","14.1061","13.8164","1.31"
"12.06.2012","13.9660","14.0897","14.1129","13.9372","-0.98"
"13.06.2012","14.0282","13.9637","14.0433","13.9354","0.45"
"14.06.2012","13.8950","14.0160","14.0818","13.8703","-0.95"
"15.06.2012","13.9210","13.8950","13.9502","13.8657","0.19"
"18.06.2012","13.8251","13.8366","13.9689","13.8122","-0.69"
"19.06.2012","13.6879","13.8255","13.8437","13.6734","-0.99"
"20.06.2012","13.6960","13.6956","13.7794","13.6330","0.06"
"21.06.2012","13.9190","13.6986","13.9520","13.6650","1.63"
"22.06.2012","13.8569","13.9043","13.9424","13.8018","-0.45"
"25.06.2012","13.9144","13.8433","13.9800","13.8126","0.41"
"26.06.2012","13.7625","13.9110","13.9585","13.7303","-1.09"
"27.06.2012","13.5578","13.7634","13.7782","13.5472","-1.49"
"28.06.2012","13.6020","13.5658","13.7320","13.5517","0.33"
"29.06.2012","13.3573","13.6024","13.6316","13.3048","-1.80"
"02.07.2012","13.3361","13.2736","13.4558","13.2508","-0.16"
"03.07.2012","13.3357","13.3343","13.3942","13.2925","-0.00"
"04.07.2012","13.3340","13.3367","13.3890","13.3290","-0.01"
"05.07.2012","13.4073","13.3290","13.4258","13.2707","0.55"
"06.07.2012","13.3865","13.4115","13.5238","13.3715","-0.16"
"09.07.2012","13.3285","13.4170","13.5089","13.3285","-0.43"
"10.07.2012","13.3856","13.3370","13.4009","13.2444","0.43"
"11.07.2012","13.3200","13.3695","13.3736","13.2795","-0.49"
"12.07.2012","13.4540","13.3030","13.5220","13.3010","1.01"
"13.07.2012","13.2905","13.4645","13.4712","13.2775","-1.22"
"16.07.2012","13.2141","13.2986","13.3483","13.1999","-0.57"
"17.07.2012","13.1575","13.2151","13.2763","13.1481","-0.43"
"18.07.2012","13.1696","13.1606","13.2205","13.0935","0.09"
"19.07.2012","13.2242","13.1711","13.2502","13.1067","0.41"
"20.07.2012","13.3625","13.2256","13.3705","13.2035","1.05"
"23.07.2012","13.5876","13.3528","13.5906","13.3474","1.68"
"24.07.2012","13.7100","13.5836","13.7786","13.5716","0.90"
"25.07.2012","13.5955","13.7003","13.7302","13.5787","-0.84"
"26.07.2012","13.4146","13.5977","13.6417","13.3832","-1.33"
"27.07.2012","13.2375","13.4176","13.4662","13.2149","-1.32"
"30.07.2012","13.2671","13.2261","13.3008","13.2079","0.22"
"31.07.2012","13.3270","13.2676","13.3349","13.2205","0.45"
"01.08.2012","13.3848","13.3262","13.3973","13.2373","0.43"
"02.08.2012","13.3592","13.3848","13.4822","13.2778","-0.19"
"03.08.2012","13.1362","13.3595","13.3669","13.1045","-1.67"
"06.08.2012","13.1925","13.1520","13.2139","13.0578","0.43"
"07.08.2012","13.2245","13.1960","13.2516","13.1195","0.24"
"08.08.2012","13.1472","13.2241","13.2774","13.1192","-0.58"
"09.08.2012","13.0890","13.1482","13.1806","13.0748","-0.44"
"10.08.2012","13.0831","13.0770","13.1790","13.0725","-0.05"
"13.08.2012","13.1478","13.0850","13.1753","13.0517","0.49"
"14.08.2012","13.1795","13.1464","13.1925","13.0643","0.24"
"15.08.2012","13.1325","13.1804","13.2258","13.1280","-0.36"
"16.08.2012","13.1746","13.1348","13.1869","13.0927","0.32"
"17.08.2012","13.1227","13.1759","13.2489","13.1098","-0.39"
"20.08.2012","13.1052","13.1155","13.1570","13.0780","-0.13"
"21.08.2012","13.1445","13.1102","13.1675","13.0368","0.30"
"22.08.2012","13.0736","13.1421","13.2184","13.0701","-0.54"
"23.08.2012","13.1573","13.0740","13.1845","13.0577","0.64"
"24.08.2012","13.1700","13.1638","13.2540","13.1351","0.10"
"27.08.2012","13.1923","13.1797","13.2280","13.1574","0.17"
"28.08.2012","13.1890","13.1936","13.2386","13.1625","-0.03"
"29.08.2012","13.3035","13.1964","13.3304","13.1875","0.87"
"30.08.2012","13.3493","13.2980","13.4397","13.2960","0.34"
"31.08.2012","13.1925","13.3488","13.3758","13.1812","-1.17"
"03.09.2012","13.1867","13.2047","13.2438","13.1782","-0.04"
"04.09.2012","13.1791","13.1840","13.2070","13.1310","-0.06"
"05.09.2012","13.1143","13.1821","13.2465","13.1005","-0.49"
"06.09.2012","13.0576","13.1175","13.1440","13.0247","-0.43"
"07.09.2012","12.9815","13.0637","13.0906","12.9498","-0.58"
"10.09.2012","13.0840","12.9695","13.0895","12.9547","0.79"
"11.09.2012","12.9895","13.0770","13.0863","12.9740","-0.72"
"12.09.2012","13.0155","12.9820","13.0724","12.9422","0.20"
"13.09.2012","12.8153","13.0168","13.0463","12.8059","-1.54"
"14.09.2012","12.7151","12.8117","12.8355","12.7003","-0.78"
"17.09.2012","12.7691","12.7246","12.8276","12.7142","0.42"
"18.09.2012","12.7965","12.7657","12.8552","12.7532","0.21"
"19.09.2012","12.8573","12.7948","12.8667","12.7760","0.48"
"20.09.2012","12.8580","12.8625","12.9584","12.8320","0.01"
"21.09.2012","12.8540","12.8580","12.8995","12.8030","-0.03"
"24.09.2012","12.9146","12.8676","12.9515","12.8412","0.47"
"25.09.2012","12.8613","12.9163","12.9497","12.7980","-0.41"
"26.09.2012","12.8697","12.8575","12.9448","12.8498","0.07"
"27.09.2012","12.8288","12.8699","12.8999","12.8005","-0.32"
"28.09.2012","12.8594","12.8242","12.8895","12.8086","0.24"
"01.10.2012","12.8278","12.8662","12.9082","12.7895","-0.25"
"02.10.2012","12.8558","12.8272","12.8930","12.8048","0.22"
"03.10.2012","12.8189","12.8545","12.8962","12.8120","-0.29"
"04.10.2012","12.7600","12.8170","12.8402","12.7266","-0.46"
"05.10.2012","12.7948","12.7646","12.8283","12.6616","0.27"
"08.10.2012","12.7992","12.7771","12.8845","12.7771","0.03"
"09.10.2012","12.8773","12.7968","12.9132","12.7660","0.61"
"10.10.2012","12.9763","12.8832","12.9878","12.8468","0.77"
"11.10.2012","12.9126","12.9677","13.0003","12.8637","-0.49"
"12.10.2012","12.8730","12.9020","12.9325","12.8480","-0.31"
"15.10.2012","12.8045","12.8620","12.9057","12.7943","-0.53"
"16.10.2012","12.8353","12.8020","12.8668","12.7630","0.24"
"17.10.2012","12.7875","12.8350","12.8501","12.7690","-0.37"
"18.10.2012","12.8435","12.7943","12.8814","12.7805","0.44"
"19.10.2012","12.8872","12.8374","12.8925","12.8299","0.34"
"22.10.2012","12.8565","12.8863","12.9155","12.8365","-0.24"
"23.10.2012","12.9740","12.8570","13.0150","12.8515","0.91"
"24.10.2012","12.9942","12.9722","13.0502","12.9370","0.16"
"25.10.2012","13.0144","12.9927","13.0412","12.9096","0.16"
"26.10.2012","12.9909","13.0140","13.0793","12.9660","-0.18"
"29.10.2012","13.0729","13.0024","13.1085","12.9965","0.63"
"30.10.2012","13.0746","13.0809","13.1187","13.0394","0.01"
"31.10.2012","13.0994","13.0660","13.1073","13.0230","0.19"
"01.11.2012","13.0068","13.0922","13.1137","13.0027","-0.71"
"02.11.2012","13.0398","13.0070","13.0427","12.9261","0.25"
"05.11.2012","13.0420","13.0250","13.0740","13.0244","0.02"
"06.11.2012","12.9611","13.0385","13.0439","12.9295","-0.62"
"07.11.2012","13.0715","12.9677","13.0858","12.9045","0.85"
"08.11.2012","13.1789","13.0707","13.1826","13.0507","0.82"
"09.11.2012","13.1990","13.1760","13.2960","13.1320","0.15"
"12.11.2012","13.2135","13.1950","13.2370","13.1620","0.11"
"13.11.2012","13.2475","13.2107","13.2903","13.1790","0.26"
"14.11.2012","13.2755","13.2442","13.2868","13.1665","0.21"
"15.11.2012","13.2089","13.2756","13.2881","13.2035","-0.50"
"16.11.2012","13.1325","13.2110","13.2688","13.1266","-0.58"
"19.11.2012","13.0555","13.1320","13.1320","13.0525","-0.59"
"20.11.2012","13.0042","13.0581","13.0995","12.9952","-0.39"
"21.11.2012","13.0600","13.0026","13.0664","12.9955","0.43"
"22.11.2012","13.0325","13.0541","13.0621","12.9891","-0.21"
"23.11.2012","12.9525","13.0369","13.0468","12.9495","-0.61"
"26.11.2012","13.0198","12.9475","13.0235","12.9435","0.52"
"27.11.2012","13.0402","13.0133","13.0481","12.9579","0.16"
"28.11.2012","12.9725","13.0385","13.0819","12.9663","-0.52"
"29.11.2012","12.9472","12.9707","12.9959","12.9281","-0.20"
"30.11.2012","12.9503","12.9468","12.9597","12.8994","0.02"
"03.12.2012","12.9973","12.9538","12.9983","12.8778","0.36"
"04.12.2012","12.9473","12.9951","13.0060","12.9200","-0.38"
"05.12.2012","12.9276","12.9405","12.9634","12.9031","-0.15"
"06.12.2012","12.8702","12.9252","12.9368","12.8593","-0.44"
"07.12.2012","12.8495","12.8697","12.9079","12.8090","-0.16"
"10.12.2012","12.8090","12.8624","12.8624","12.7817","-0.32"
"11.12.2012","12.7365","12.8055","12.8185","12.7287","-0.57"
"12.12.2012","12.7425","12.7392","12.7757","12.6877","0.05"
"13.12.2012","12.7986","12.7460","12.8540","12.7206","0.44"
"14.12.2012","12.7413","12.8045","12.8345","12.7413","-0.45"
"17.12.2012","12.7204","12.7368","12.7957","12.7172","-0.16"
"18.12.2012","12.7188","12.7192","12.7527","12.7029","-0.01"
"19.12.2012","12.7664","12.7155","12.7693","12.6866","0.37"
"20.12.2012","12.7613","12.7676","12.8018","12.7355","-0.04"
"21.12.2012","12.9274","12.7693","12.9627","12.7546","1.30"
"24.12.2012","12.9751","12.9353","13.0449","12.9300","0.37"
"25.12.2012","12.9933","12.9750","13.0000","12.9750","0.14"
"26.12.2012","13.0156","12.9900","13.0429","12.9410","0.17"
"27.12.2012","12.9787","13.0152","13.0422","12.9409","-0.28"
"28.12.2012","13.0250","12.9790","13.0425","12.9640","0.36"
"31.12.2012","12.8657","13.0169","13.0523","12.8388","-1.22"
"01.01.2013","12.8747","12.8657","12.8800","12.8657","0.07"
"02.01.2013","12.7465","12.8750","12.9125","12.7285","-1.00"
"03.01.2013","12.8052","12.7463","12.8158","12.7344","0.46"
"04.01.2013","12.7425","12.8065","12.8360","12.7375","-0.49"
"07.01.2013","12.7681","12.7308","12.7888","12.7240","0.20"
"08.01.2013","12.8035","12.7640","12.8152","12.7360","0.28"
"09.01.2013","12.7224","12.8000","12.8096","12.7090","-0.63"
"10.01.2013","12.6070","12.7127","12.7310","12.6045","-0.91"
"11.01.2013","12.6516","12.6110","12.6710","12.5827","0.35"
"14.01.2013","12.5937","12.6365","12.6815","12.5783","-0.46"
"15.01.2013","12.6108","12.5944","12.6973","12.5859","0.14"
"16.01.2013","12.6218","12.6125","12.6853","12.6003","0.09"
"17.01.2013","12.5865","12.6200","12.6445","12.5520","-0.28"
"18.01.2013","12.6625","12.5840","12.6875","12.5690","0.60"
"21.01.2013","12.7000","12.6686","12.7250","12.6555","0.30"
"22.01.2013","12.6189","12.6907","12.7137","12.6140","-0.64"
"23.01.2013","12.6935","12.6204","12.7035","12.6126","0.59"
"24.01.2013","12.6359","12.6913","12.7177","12.6077","-0.45"
"25.01.2013","12.7065","12.6330","12.7465","12.6103","0.56"
"28.01.2013","12.7672","12.6918","12.7969","12.6766","0.48"
"29.01.2013","12.7177","12.7688","12.7768","12.6882","-0.39"
"30.01.2013","12.7187","12.7125","12.7635","12.6758","0.01"
"31.01.2013","12.7088","12.7218","12.7547","12.6593","-0.08"
"01.02.2013","12.6062","12.7074","12.7667","12.5823","-0.81"
"04.02.2013","12.7108","12.5907","12.7222","12.5907","0.83"
"05.02.2013","12.6318","12.7095","12.7194","12.6058","-0.62"
"06.02.2013","12.6822","12.6326","12.7113","12.6249","0.40"
"07.02.2013","12.7291","12.6817","12.7758","12.6373","0.37"
"08.02.2013","12.7245","12.7255","12.7560","12.7000","-0.04"
"11.02.2013","12.7342","12.7275","12.8162","12.7233","0.08"
"12.02.2013","12.6929","12.7307","12.7902","12.6883","-0.32"
"13.02.2013","12.6860","12.7010","12.7330","12.6525","-0.05"
"14.02.2013","12.6963","12.6850","12.7495","12.6693","0.08"
"15.02.2013","12.6903","12.7027","12.7277","12.6660","-0.05"
"18.02.2013","12.6853","12.6715","12.7045","12.6665","-0.04"
"19.02.2013","12.6325","12.6866","12.7125","12.6275","-0.42"
"20.02.2013","12.7254","12.6314","12.7395","12.6213","0.74"
"21.02.2013","12.7462","12.7238","12.8038","12.7163","0.16"
"22.02.2013","12.7050","12.7525","12.7805","12.6830","-0.32"
"25.02.2013","12.7990","12.6928","12.8142","12.6510","0.74"
"26.02.2013","12.8427","12.7970","12.8991","12.7608","0.34"
"27.02.2013","12.7646","12.8392","12.8902","12.7532","-0.61"
"28.02.2013","12.7791","12.7640","12.7988","12.7330","0.11"
"01.03.2013","12.7587","12.7803","12.8719","12.7488","-0.16"
"04.03.2013","12.7455","12.7522","12.8275","12.7383","-0.10"
"05.03.2013","12.7024","12.7424","12.7629","12.6894","-0.34"
"06.03.2013","12.7825","12.7027","12.7916","12.6684","0.63"
"07.03.2013","12.7590","12.7805","12.8090","12.7450","-0.18"
"08.03.2013","12.6280","12.7580","12.7840","12.6174","-1.03"
"11.03.2013","12.5404","12.6235","12.6475","12.5082","-0.69"
"12.03.2013","12.4445","12.5433","12.5570","12.4174","-0.76"
"13.03.2013","12.4327","12.4425","12.4673","12.3681","-0.09"
"14.03.2013","12.4234","12.4357","12.4797","12.3956","-0.07"
"15.03.2013","12.4352","12.4207","12.4672","12.4050","0.09"
"18.03.2013","12.4155","12.4405","12.5505","12.4021","-0.16"
"19.03.2013","12.4384","12.4127","12.4728","12.3674","0.18"
"20.03.2013","12.3475","12.4388","12.4535","12.3433","-0.73"
"21.03.2013","12.4275","12.3515","12.4385","12.3235","0.65"
"22.03.2013","12.3514","12.4293","12.4485","12.3415","-0.61"
"25.03.2013","12.3510","12.3510","12.3730","12.3191","-0.00"
"26.03.2013","12.3524","12.3560","12.3760","12.3043","0.01"
"27.03.2013","12.3362","12.3552","12.4272","12.3285","-0.13"
"28.03.2013","12.3556","12.3356","12.3697","12.3215","0.16"
"29.03.2013","12.3160","12.3575","12.3706","12.3082","-0.32"
"01.04.2013","12.3635","12.3443","12.3700","12.2918","0.39"
"02.04.2013","12.2755","12.3640","12.3730","12.2584","-0.71"
"03.04.2013","12.3455","12.2735","12.3565","12.2517","0.57"
"04.04.2013","12.3075","12.3456","12.3568","12.2728","-0.31"
"05.04.2013","12.1749","12.3064","12.4045","12.1719","-1.08"
"08.04.2013","12.1935","12.1955","12.2205","12.1320","0.15"
"09.04.2013","12.1451","12.1951","12.2066","12.1200","-0.40"
"10.04.2013","12.1064","12.1479","12.1659","12.0860","-0.32"
"11.04.2013","12.0450","12.1070","12.1273","12.0183","-0.51"
"12.04.2013","12.0755","12.0463","12.1155","12.0253","0.25"
"15.04.2013","12.2840","12.0830","12.3020","12.0593","1.73"
"16.04.2013","12.1471","12.2817","12.2906","12.1241","-1.11"
"17.04.2013","12.2091","12.1458","12.2868","12.1332","0.51"
"18.04.2013","12.2729","12.2077","12.3347","12.1604","0.52"
"19.04.2013","12.2615","12.2735","12.3025","12.1870","-0.09"
"22.04.2013","12.2750","12.2610","12.3530","12.2342","0.11"
"23.04.2013","12.2448","12.2776","12.3787","12.2012","-0.25"
"24.04.2013","12.1715","12.2417","12.2966","12.1590","-0.60"
"25.04.2013","12.1688","12.1709","12.1837","12.0858","-0.02"
"26.04.2013","12.1440","12.1630","12.2065","12.1319","-0.20"
"29.04.2013","12.2082","12.1385","12.2196","12.0784","0.53"
"30.04.2013","12.1340","12.2075","12.2170","12.1170","-0.61"
"01.05.2013","12.1991","12.1355","12.2529","12.1285","0.54"
"02.05.2013","12.1728","12.1984","12.2101","12.1468","-0.22"
"03.05.2013","12.0740","12.1740","12.1970","12.0516","-0.81"
"06.05.2013","12.1090","12.0555","12.1274","12.0538","0.29"
"07.05.2013","12.0287","12.1073","12.1307","12.0243","-0.66"
"08.05.2013","11.9782","12.0299","12.0775","11.9630","-0.42"
"09.05.2013","11.9950","11.9762","12.0470","11.9332","0.14"
"10.05.2013","12.0849","12.0000","12.1711","11.9810","0.75"
"13.05.2013","12.1653","12.0711","12.1825","12.0635","0.67"
"14.05.2013","12.1949","12.1658","12.2150","12.1171","0.24"
"15.05.2013","12.2034","12.1974","12.2647","12.1571","0.07"
"16.05.2013","12.2750","12.2087","12.2950","12.1834","0.59"
"17.05.2013","12.3435","12.2881","12.3561","12.2655","0.56"
"20.05.2013","12.2969","12.3299","12.3540","12.2689","-0.38"
"21.05.2013","12.3358","12.2998","12.3941","12.2752","0.32"
"22.05.2013","12.4217","12.3404","12.4470","12.2184","0.70"
"23.05.2013","12.3965","12.4205","12.5466","12.3965","-0.20"
"24.05.2013","12.5410","12.3985","12.5663","12.3904","1.17"
"27.05.2013","12.4688","12.5099","12.5417","12.4560","-0.58"
"28.05.2013","12.6340","12.4681","12.6415","12.4320","1.32"
"29.05.2013","12.6509","12.6291","12.7441","12.5967","0.13"
"30.05.2013","12.7931","12.6552","12.8505","12.6042","1.12"
"31.05.2013","12.8089","12.7834","12.9517","12.7479","0.12"
"03.06.2013","12.7415","12.8067","12.8722","12.7225","-0.53"
"04.06.2013","12.7137","12.7387","12.8102","12.6858","-0.22"
"05.06.2013","12.8568","12.7111","12.8701","12.6695","1.13"
"06.06.2013","12.8005","12.8591","12.9414","12.7845","-0.44"
"07.06.2013","12.7675","12.8079","12.8886","12.6731","-0.26"
"10.06.2013","12.9158","12.7660","12.9177","12.7510","1.16"
"11.06.2013","12.8285","12.9155","13.1041","12.7795","-0.68"
"12.06.2013","12.9274","12.8252","12.9376","12.7215","0.77"
"13.06.2013","12.6275","12.9225","12.9583","12.6215","-2.32"
"14.06.2013","12.7075","12.6250","12.7280","12.6051","0.63"
"17.06.2013","12.8355","12.7175","12.8815","12.6509","1.01"
"18.06.2013","12.8935","12.8354","12.9489","12.8113","0.45"
"19.06.2013","13.2445","12.8947","13.2475","12.8150","2.72"
"20.06.2013","13.3664","13.2420","13.4589","13.1969","0.92"
"21.06.2013","13.3050","13.3670","13.4591","13.2410","-0.46"
"24.06.2013","13.2955","13.3103","13.4421","13.2322","-0.07"
"25.06.2013","13.2212","13.3041","13.3042","13.1459","-0.56"
"26.06.2013","13.1600","13.2175","13.2625","13.1210","-0.46"
"27.06.2013","13.0212","13.1605","13.1670","12.9675","-1.05"
"28.06.2013","12.9460","13.0190","13.1088","12.9320","-0.58"
"01.07.2013","12.9565","12.9675","12.9785","12.8640","0.08"
"02.07.2013","13.0526","12.9648","13.1120","12.9083","0.74"
"03.07.2013","12.9537","13.0430","13.1489","12.9520","-0.76"
"04.07.2013","12.9147","12.9570","12.9970","12.8295","-0.30"
"05.07.2013","13.0760","12.9127","13.1590","12.8685","1.25"
"08.07.2013","12.8837","13.0762","13.1340","12.8590","-1.47"
"09.07.2013","12.8958","12.8725","12.9055","12.8055","0.09"
"10.07.2013","12.9001","12.8987","12.9839","12.8551","0.03"
"11.07.2013","12.8063","12.8987","12.9023","12.7903","-0.73"
"12.07.2013","12.8180","12.8080","12.8712","12.7830","0.09"
"15.07.2013","12.6672","12.8163","12.8212","12.6531","-1.18"
"16.07.2013","12.6212","12.6657","12.6901","12.5699","-0.36"
"17.07.2013","12.4612","12.6253","12.6639","12.4582","-1.27"
"18.07.2013","12.5030","12.4680","12.5740","12.4372","0.34"
"19.07.2013","12.5325","12.5005","12.5895","12.4570","0.24"
"22.07.2013","12.5011","12.5317","12.5432","12.4810","-0.25"
"23.07.2013","12.4955","12.5015","12.5385","12.4827","-0.04"
"24.07.2013","12.6250","12.4970","12.6905","12.4732","1.04"
"25.07.2013","12.6022","12.6143","12.6727","12.5617","-0.18"
"26.07.2013","12.6775","12.6005","12.7461","12.5818","0.60"
"29.07.2013","12.7595","12.6652","12.7735","12.6637","0.65"
"30.07.2013","12.7637","12.7542","12.7956","12.7252","0.03"
"31.07.2013","12.7325","12.7610","12.8960","12.7287","-0.24"
"01.08.2013","12.8313","12.7355","12.8637","12.7242","0.78"
"02.08.2013","12.6623","12.8293","12.8682","12.6327","-1.32"
"05.08.2013","12.6435","12.6585","12.7051","12.6082","-0.15"
"06.08.2013","12.6213","12.6410","12.6827","12.6064","-0.18"
"07.08.2013","12.7215","12.6245","12.7535","12.6155","0.79"
"08.08.2013","12.6045","12.7155","12.7545","12.5852","-0.92"
"09.08.2013","12.6175","12.6020","12.6390","12.5580","0.10"
"12.08.2013","12.6803","12.6127","12.7081","12.5488","0.50"
"13.08.2013","12.7285","12.6853","12.7925","12.6690","0.38"
"14.08.2013","12.7384","12.7229","12.7748","12.6966","0.08"
"15.08.2013","12.8173","12.7347","12.9014","12.6999","0.62"
"16.08.2013","12.9117","12.8180","12.9812","12.8095","0.74"
"19.08.2013","13.0812","12.9051","13.0885","12.9051","1.31"
"20.08.2013","12.9760","13.0798","13.1034","12.9555","-0.80"
"21.08.2013","13.2600","12.9748","13.2675","12.9725","2.19"
"22.08.2013","13.0897","13.2590","13.3069","13.0868","-1.28"
"23.08.2013","12.9560","13.0901","13.1061","12.9336","-1.02"
"26.08.2013","13.1875","12.9775","13.2332","12.9693","1.79"
"27.08.2013","13.2305","13.1879","13.3819","13.1785","0.33"
"28.08.2013","13.3162","13.2270","13.3470","13.2220","0.65"
"29.08.2013","13.3575","13.3232","13.3903","13.2535","0.31"
"30.08.2013","13.3803","13.3608","13.4018","13.2788","0.17"
"02.09.2013","13.3350","13.3655","13.3655","13.2380","-0.34"
"03.09.2013","13.3855","13.3050","13.4663","13.2990","0.38"
"04.09.2013","13.3082","13.3925","13.4025","13.2725","-0.58"
"05.09.2013","13.3830","13.3107","13.4500","13.3085","0.56"
"06.09.2013","13.1723","13.3832","13.4011","13.1662","-1.57"
"09.09.2013","13.1053","13.1771","13.2276","13.0921","-0.51"
"10.09.2013","13.0897","13.1065","13.1633","13.0555","-0.12"
"11.09.2013","13.0518","13.0880","13.1402","13.0248","-0.29"
"12.09.2013","13.0600","13.0413","13.1442","13.0192","0.06"
"13.09.2013","13.0425","13.0600","13.1370","13.0263","-0.13"
"16.09.2013","12.9313","13.0407","13.0415","12.8752","-0.85"
"17.09.2013","12.9245","12.9307","12.9715","12.8982","-0.05"
"18.09.2013","12.6593","12.9261","12.9982","12.6532","-2.05"
"19.09.2013","12.7022","12.6534","12.7577","12.5812","0.34"
"20.09.2013","12.8575","12.7005","12.9285","12.6975","1.22"
"23.09.2013","12.8065","12.8535","12.8801","12.7658","-0.40"
"24.09.2013","12.9484","12.7960","12.9565","12.7960","1.11"
"25.09.2013","13.0103","12.9448","13.0263","12.9220","0.48"
"26.09.2013","13.0660","13.0170","13.1271","12.9440","0.43"
"27.09.2013","13.1397","13.0705","13.1973","13.0571","0.56"
"30.09.2013","13.0915","13.1922","13.2347","13.0785","-0.37"
"01.10.2013","13.1550","13.0900","13.1905","13.0390","0.49"
"02.10.2013","13.1140","13.1563","13.2273","13.0830","-0.31"
"03.10.2013","13.1585","13.1142","13.3385","13.0965","0.34"
"04.10.2013","13.0845","13.1621","13.1936","13.0605","-0.56"
"07.10.2013","13.1387","13.0750","13.1904","13.0695","0.41"
"08.10.2013","13.2245","13.1342","13.2265","13.0585","0.65"
"09.10.2013","13.1865","13.2235","13.2335","13.1513","-0.29"
"10.10.2013","13.0942","13.1840","13.2120","13.0554","-0.70"
"11.10.2013","12.9913","13.0976","13.1283","12.9855","-0.79"
"14.10.2013","12.9934","12.9830","13.0807","12.9452","0.02"
"15.10.2013","12.9925","12.9933","13.0375","12.9363","-0.01"
"16.10.2013","12.8434","12.9906","13.0090","12.8338","-1.15"
"17.10.2013","12.7797","12.8476","12.8785","12.7542","-0.50"
"18.10.2013","12.8558","12.7745","12.8685","12.7540","0.60"
"21.10.2013","12.9895","12.8405","12.9967","12.8277","1.04"
"22.10.2013","12.8435","12.9910","13.0195","12.8360","-1.12"
"23.10.2013","12.9930","12.8460","13.0053","12.8347","1.16"
"24.10.2013","12.9640","13.0000","13.0556","12.9327","-0.22"
"25.10.2013","12.8815","12.9610","13.0085","12.8320","-0.64"
"28.10.2013","12.8769","12.8799","12.9160","12.8340","-0.04"
"29.10.2013","12.9184","12.8729","12.9352","12.8682","0.32"
"30.10.2013","12.9351","12.9268","12.9984","12.8268","0.13"
"31.10.2013","13.0198","12.9326","13.0556","12.9168","0.65"
"01.11.2013","13.0615","13.0239","13.1055","13.0073","0.32"
"04.11.2013","12.9975","13.0658","13.0666","12.9645","-0.49"
"05.11.2013","13.1625","12.9987","13.1915","12.9815","1.27"
"06.11.2013","13.1780","13.1538","13.1889","13.0762","0.12"
"07.11.2013","13.2247","13.1737","13.2515","13.0916","0.35"
"08.11.2013","13.1698","13.2295","13.3375","13.1368","-0.42"
"11.11.2013","13.2165","13.1895","13.2777","13.1382","0.35"
"12.11.2013","13.1774","13.2122","13.2820","13.1505","-0.30"
"13.11.2013","13.0214","13.1713","13.2135","13.0132","-1.18"
"14.11.2013","12.9647","13.0247","13.1027","12.9587","-0.44"
"15.11.2013","12.9350","12.9695","13.0080","12.9325","-0.23"
"18.11.2013","12.8937","12.9290","12.9372","12.8466","-0.32"
"19.11.2013","12.9705","12.8890","12.9705","12.8660","0.60"
"20.11.2013","13.0926","12.9680","13.1180","12.9082","0.94"
"21.11.2013","13.0265","13.0902","13.1480","13.0177","-0.50"
"22.11.2013","12.9668","13.0309","13.0886","12.9627","-0.46"
"25.11.2013","13.0469","12.9737","13.0556","12.9507","0.62"
"26.11.2013","13.0520","13.0522","13.1483","13.0300","0.04"
"27.11.2013","13.1220","13.0510","13.1314","13.0490","0.54"
"28.11.2013","13.0795","13.1195","13.1375","13.0402","-0.32"
"29.11.2013","13.1025","13.0765","13.1369","13.0567","0.18"
"02.12.2013","13.2155","13.1075","13.2306","13.0866","0.86"
"03.12.2013","13.1084","13.2126","13.2707","13.0871","-0.81"
"04.12.2013","13.0418","13.1082","13.1699","13.0220","-0.51"
"05.12.2013","13.0907","13.0495","13.1143","12.9979","0.37"
"06.12.2013","12.9355","13.0890","13.1155","12.9070","-1.19"
"09.12.2013","12.8560","12.9247","12.9247","12.8037","-0.61"
"10.12.2013","12.8610","12.8580","12.8899","12.8050","0.04"
"11.12.2013","13.0401","12.8595","13.0401","12.8363","1.39"
"12.12.2013","12.9678","13.0400","13.0989","12.9615","-0.55"
"13.12.2013","12.8805","12.9741","13.0217","12.8801","-0.67"
"16.12.2013","12.9275","12.8816","12.9895","12.8794","0.36"
"17.12.2013","12.9520","12.9330","12.9868","12.9150","0.19"
"18.12.2013","12.8803","12.9483","13.0434","12.8303","-0.55"
"19.12.2013","12.9605","12.8820","13.0278","12.8725","0.62"
"20.12.2013","12.9745","12.9668","13.0876","12.9365","0.11"
"23.12.2013","12.9935","12.9784","13.0095","12.9475","0.15"
"24.12.2013","13.0338","12.9950","13.0500","12.9820","0.31"
"25.12.2013","13.0145","13.0288","13.0300","13.0095","-0.15"
"26.12.2013","13.0805","13.0145","13.0983","13.0145","0.51"
"27.12.2013","13.0570","13.0780","13.1371","13.0510","-0.18"
"30.12.2013","13.0685","13.0741","13.1040","13.0415","0.09"
"31.12.2013","13.0365","13.0640","13.1150","13.0130","-0.24"
"01.01.2014","13.0398","13.0415","13.0470","13.0365","0.03"
"02.01.2014","13.1538","13.0318","13.1649","13.0307","0.87"
"03.01.2014","13.1035","13.1567","13.1608","13.0535","-0.38"
"06.01.2014","13.0865","13.1075","13.1514","13.0635","-0.13"
"07.01.2014","13.0145","13.0835","13.1195","12.9955","-0.55"
"08.01.2014","13.1315","13.0135","13.1453","12.9825","0.90"
"09.01.2014","13.0860","13.1325","13.1626","13.0840","-0.35"
"10.01.2014","12.9630","13.0870","13.1030","12.9620","-0.94"
"13.01.2014","13.0820","12.9620","13.0935","12.9595","0.92"
"14.01.2014","13.0890","13.0810","13.1465","13.0580","0.05"
"15.01.2014","13.1945","13.0885","13.2240","13.0770","0.81"
"16.01.2014","13.2740","13.1955","13.3354","13.1900","0.60"
"17.01.2014","13.2450","13.2730","13.3211","13.2320","-0.22"
"20.01.2014","13.2378","13.2470","13.2734","13.2310","-0.05"
"21.01.2014","13.2767","13.2428","13.3557","13.2258","0.29"
"22.01.2014","13.3088","13.2750","13.3510","13.2517","0.24"
"23.01.2014","13.4012","13.3088","13.4480","13.3075","0.69"
"24.01.2014","13.4580","13.3935","13.6069","13.3765","0.42"
"27.01.2014","13.3660","13.4550","13.5260","13.3410","-0.68"
"28.01.2014","13.2551","13.3634","13.3794","13.2184","-0.83"
"29.01.2014","13.3985","13.2551","13.4688","13.1833","1.08"
"30.01.2014","13.3652","13.3985","13.4365","13.2790","-0.25"
"31.01.2014","13.3562","13.3640","13.4727","13.3083","-0.07"
"03.02.2014","13.5415","13.3715","13.5530","13.3077","1.39"
"04.02.2014","13.3223","13.5415","13.5415","13.3190","-1.62"
"05.02.2014","13.2918","13.3227","13.3910","13.2438","-0.23"
"06.02.2014","13.2773","13.2824","13.3494","13.1897","-0.11"
"07.02.2014","13.2854","13.2712","13.3879","13.2577","0.06"
"10.02.2014","13.3262","13.2795","13.3390","13.2692","0.31"
"11.02.2014","13.2845","13.3274","13.3566","13.2497","-0.31"
"12.02.2014","13.3227","13.2835","13.3441","13.2603","0.29"
"13.02.2014","13.2620","13.3214","13.3866","13.2466","-0.46"
"14.02.2014","13.2415","13.2706","13.2997","13.2217","-0.15"
"17.02.2014","13.2103","13.2363","13.2475","13.1828","-0.24"
"18.02.2014","13.2365","13.2065","13.2530","13.1955","0.20"
"19.02.2014","13.3271","13.2313","13.3402","13.2303","0.68"
"20.02.2014","13.2785","13.3275","13.3673","13.2595","-0.36"
"21.02.2014","13.2615","13.2758","13.3214","13.2418","-0.13"
"24.02.2014","13.2590","13.2642","13.3027","13.1930","-0.02"
"25.02.2014","13.2295","13.2535","13.2817","13.1915","-0.22"
"26.02.2014","13.3320","13.2300","13.3640","13.2158","0.77"
"27.02.2014","13.2620","13.3370","13.3720","13.2518","-0.53"
"28.02.2014","13.2450","13.2590","13.3028","13.2140","-0.13"
"03.03.2014","13.3330","13.3013","13.3522","13.2650","0.66"
"04.03.2014","13.2817","13.3320","13.3322","13.2465","-0.38"
"05.03.2014","13.2383","13.2823","13.2848","13.2250","-0.33"
"06.03.2014","13.1522","13.2392","13.2480","13.1253","-0.65"
"07.03.2014","13.1922","13.1609","13.2309","13.1150","0.30"
"10.03.2014","13.2150","13.1779","13.2429","13.1771","0.17"
"11.03.2014","13.2800","13.2185","13.2892","13.2050","0.49"
"12.03.2014","13.2432","13.2838","13.3194","13.2383","-0.28"
"13.03.2014","13.2917","13.2442","13.2932","13.1790","0.37"
"14.03.2014","13.2088","13.2927","13.3120","13.1943","-0.62"
"17.03.2014","13.1558","13.2125","13.2391","13.1317","-0.40"
"18.03.2014","13.1555","13.1568","13.2117","13.1457","-0.00"
"19.03.2014","13.2860","13.1582","13.2975","13.1443","0.99"
"20.03.2014","13.2594","13.2973","13.3323","13.2390","-0.20"
"21.03.2014","13.2280","13.2615","13.2823","13.2068","-0.24"
"24.03.2014","13.1785","13.2220","13.2339","13.1680","-0.37"
"25.03.2014","13.1145","13.1753","13.1955","13.1069","-0.49"
"26.03.2014","13.1288","13.1105","13.1441","13.0900","0.11"
"27.03.2014","13.0855","13.1380","13.1557","13.0610","-0.33"
"28.03.2014","13.0735","13.0812","13.1012","13.0497","-0.09"
"31.03.2014","13.0578","13.0570","13.0808","13.0325","-0.12"
"01.04.2014","13.0510","13.0653","13.0852","13.0210","-0.05"
"02.04.2014","13.0895","13.0435","13.1170","13.0375","0.30"
"03.04.2014","13.1167","13.0882","13.1448","13.0846","0.21"
"04.04.2014","13.0029","13.1198","13.1358","13.0017","-0.87"
"07.04.2014","13.0083","12.9988","13.0581","12.9845","0.04"
"08.04.2014","13.0513","13.0072","13.0582","12.9403","0.33"
"09.04.2014","12.9800","13.0500","13.0910","12.9693","-0.55"
"10.04.2014","13.0626","12.9833","13.0724","12.9683","0.64"
"11.04.2014","13.0425","13.0678","13.1312","13.0304","-0.15"
"14.04.2014","13.0240","13.0180","13.0977","13.0099","-0.14"
"15.04.2014","13.0961","13.0235","13.1237","13.0125","0.55"
"16.04.2014","13.0645","13.1008","13.1140","13.0350","-0.24"
"17.04.2014","13.0472","13.0632","13.0853","13.0355","-0.13"
"18.04.2014","13.0415","13.0512","13.0625","13.0337","-0.04"
"21.04.2014","13.0310","13.0546","13.0822","13.0183","-0.08"
"22.04.2014","13.0583","13.0295","13.0709","13.0177","0.21"
"23.04.2014","13.0652","13.0602","13.1112","13.0470","0.05"
"24.04.2014","13.0938","13.0687","13.1349","13.0608","0.22"
"25.04.2014","13.1305","13.1037","13.1577","13.0855","0.28"
"28.04.2014","13.1231","13.1257","13.1549","13.1054","-0.06"
"29.04.2014","13.1017","13.1239","13.1324","13.0730","-0.16"
"30.04.2014","13.0792","13.1026","13.1163","13.0541","-0.17"
"01.05.2014","13.0436","13.0821","13.0950","13.0375","-0.27"
"02.05.2014","13.0150","13.0455","13.0698","12.9702","-0.22"
"05.05.2014","13.0575","13.0125","13.0585","13.0005","0.33"
"06.05.2014","13.0290","13.0590","13.0650","12.9837","-0.22"
"07.05.2014","12.9660","13.0340","13.0510","12.9585","-0.48"
"08.05.2014","12.9475","12.9720","12.9782","12.9216","-0.14"
"09.05.2014","12.9472","12.9478","13.0095","12.9365","-0.00"
"12.05.2014","12.9537","12.9502","12.9745","12.9297","0.05"
"13.05.2014","12.9075","12.9615","12.9675","12.9055","-0.36"
"14.05.2014","12.8977","12.9070","12.9415","12.8714","-0.08"
"15.05.2014","12.9580","12.8900","13.0010","12.8862","0.47"
"16.05.2014","12.9065","12.9624","12.9854","12.8920","-0.40"
"19.05.2014","12.9002","12.9090","12.9383","12.8723","-0.05"
"20.05.2014","12.9093","12.9002","12.9667","12.8796","0.07"
"21.05.2014","12.9280","12.9167","12.9477","12.9009","0.14"
"22.05.2014","12.8809","12.9289","12.9423","12.8735","-0.36"
"23.05.2014","12.8575","12.8807","12.9017","12.8490","-0.18"
"26.05.2014","12.8715","12.8575","12.8747","12.8535","0.11"
"27.05.2014","12.8570","12.8715","12.9022","12.8514","-0.11"
"28.05.2014","12.8746","12.8575","12.8902","12.8540","0.14"
"29.05.2014","12.8404","12.8748","12.8784","12.8263","-0.27"
"30.05.2014","12.8587","12.8405","12.8743","12.8391","0.14"
"02.06.2014","12.9135","12.8635","12.9285","12.8559","0.43"
"03.06.2014","12.9395","12.9135","12.9762","12.8922","0.20"
"04.06.2014","12.9215","12.9398","12.9744","12.9175","-0.14"
"05.06.2014","12.8670","12.9230","12.9375","12.8618","-0.42"
"06.06.2014","12.9290","12.8652","12.9357","12.8207","0.48"
"09.06.2014","13.0320","12.9285","13.0407","12.8973","0.80"
"10.06.2014","13.0188","13.0322","13.0750","13.0120","-0.10"
"11.06.2014","13.0101","13.0167","13.0655","13.0034","-0.07"
"12.06.2014","12.9782","13.0075","13.0300","12.9625","-0.25"
"13.06.2014","13.0096","12.9784","13.0434","12.9733","0.24"
"16.06.2014","13.0465","13.0157","13.0480","13.0157","0.28"
"17.06.2014","13.1147","13.0440","13.1209","13.0320","0.52"
"18.06.2014","12.9787","13.1148","13.1198","12.9684","-1.04"
"19.06.2014","13.0235","12.9759","13.0298","12.9653","0.35"
"20.06.2014","12.9888","13.0235","13.0407","12.9827","-0.27"
"23.06.2014","13.0291","12.9884","13.0367","12.9745","0.31"
"24.06.2014","13.0612","13.0278","13.0725","13.0035","0.25"
"25.06.2014","13.0058","13.0623","13.0735","12.9977","-0.42"
"26.06.2014","13.0179","13.0055","13.0525","12.9967","0.09"
"27.06.2014","12.9625","13.0191","13.0295","12.9577","-0.43"
"30.06.2014","12.9682","12.9628","13.0068","12.9608","0.04"
"01.07.2014","12.9431","12.9667","12.9897","12.9362","-0.19"
"02.07.2014","12.9965","12.9449","13.0112","12.9333","0.41"
"03.07.2014","12.9561","12.9929","13.0496","12.9505","-0.31"
"04.07.2014","12.9764","12.9450","12.9851","12.9446","0.16"
"07.07.2014","13.0225","12.9753","13.0297","12.9708","0.36"
"08.07.2014","12.9859","13.0199","13.0292","12.9787","-0.28"
"09.07.2014","12.9697","12.9847","13.0072","12.9574","-0.12"
"10.07.2014","12.9916","12.9721","13.0386","12.9656","0.17"
"11.07.2014","12.9959","12.9918","13.0113","12.9800","0.03"
"14.07.2014","12.9536","12.9943","12.9998","12.9494","-0.33"
"15.07.2014","12.9468","12.9546","12.9817","12.9257","-0.05"
"16.07.2014","12.9147","12.9481","12.9583","12.9033","-0.25"
"17.07.2014","12.9999","12.9136","13.0129","12.9104","0.66"
"18.07.2014","12.9483","13.0007","13.0044","12.9464","-0.40"
"21.07.2014","12.9710","12.9468","12.9848","12.9450","0.18"
"22.07.2014","12.9450","12.9719","12.9830","12.9260","-0.20"
"23.07.2014","12.9350","12.9452","12.9504","12.9192","-0.08"
"24.07.2014","12.9613","12.9313","12.9693","12.9258","0.20"
"25.07.2014","12.9433","12.9602","12.9706","12.9362","-0.14"
"28.07.2014","13.0053","12.9433","13.0075","12.9412","0.48"
"29.07.2014","13.0674","13.0053","13.0781","12.9983","0.48"
"30.07.2014","13.1538","13.0683","13.1855","13.0600","0.66"
"31.07.2014","13.2177","13.1523","13.2464","13.1458","0.49"
"01.08.2014","13.1815","13.2170","13.2622","13.1525","-0.27"
"04.08.2014","13.1952","13.1838","13.2188","13.1691","0.10"
"05.08.2014","13.2915","13.1970","13.3015","13.1738","0.73"
"06.08.2014","13.2325","13.2917","13.3356","13.2295","-0.44"
"07.08.2014","13.2787","13.2331","13.3054","13.2189","0.35"
"08.08.2014","13.2487","13.2793","13.3193","13.2203","-0.23"
"11.08.2014","13.1806","13.2462","13.2607","13.1621","-0.51"
"12.08.2014","13.1360","13.1805","13.2085","13.1305","-0.34"
"13.08.2014","13.1363","13.1350","13.1521","13.0915","0.00"
"14.08.2014","13.0712","13.1365","13.1425","13.0545","-0.50"
"15.08.2014","13.0745","13.0725","13.1265","13.0335","0.03"
"18.08.2014","13.0478","13.0771","13.0801","13.0420","-0.20"
"19.08.2014","13.0475","13.0462","13.0675","13.0355","-0.00"
"20.08.2014","13.1361","13.0464","13.1374","13.0431","0.68"
"21.08.2014","13.1077","13.1374","13.1454","13.0802","-0.22"
"22.08.2014","13.1395","13.1037","13.1545","13.0970","0.24"
"25.08.2014","13.1510","13.1384","13.1569","13.1164","0.09"
"26.08.2014","13.0976","13.1509","13.1679","13.0905","-0.41"
"27.08.2014","13.0844","13.0957","13.1044","13.0608","-0.10"
"28.08.2014","13.0860","13.0849","13.1297","13.0765","0.01"
"29.08.2014","13.0878","13.0880","13.1019","13.0475","0.01"
"01.09.2014","13.0995","13.0865","13.1014","13.0760","0.09"
"02.09.2014","13.1103","13.0966","13.1500","13.0912","0.08"
"03.09.2014","13.0985","13.1098","13.1197","13.0725","-0.09"
"04.09.2014","13.1475","13.0997","13.1575","13.0503","0.37"
"05.09.2014","13.0305","13.1525","13.1590","13.0275","-0.89"
"08.09.2014","13.1385","13.0345","13.1435","13.0298","0.83"
"09.09.2014","13.2020","13.1373","13.2428","13.1350","0.48"
"10.09.2014","13.1932","13.2020","13.2640","13.1820","-0.07"
"11.09.2014","13.2295","13.1940","13.2398","13.1765","0.28"
"12.09.2014","13.2535","13.2325","13.3002","13.2219","0.18"
"15.09.2014","13.2362","13.2530","13.2809","13.1920","-0.13"
"16.09.2014","13.1595","13.2338","13.2582","13.1243","-0.58"
"17.09.2014","13.2450","13.1598","13.2595","13.1403","0.65"
"18.09.2014","13.2360","13.2432","13.2697","13.2073","-0.07"
"19.09.2014","13.2110","13.2398","13.2627","13.1852","-0.19"
"22.09.2014","13.2780","13.2100","13.2945","13.2100","0.51"
"23.09.2014","13.3175","13.2780","13.3210","13.2315","0.30"
"24.09.2014","13.2795","13.3167","13.3252","13.2645","-0.29"
"25.09.2014","13.3868","13.2765","13.4055","13.2715","0.81"
"26.09.2014","13.4470","13.3867","13.4867","13.3643","0.45"
"29.09.2014","13.4990","13.4409","13.5403","13.4409","0.39"
"30.09.2014","13.4277","13.5004","13.5104","13.4082","-0.53"
"01.10.2014","13.4550","13.4295","13.4825","13.4105","0.20"
"02.10.2014","13.3820","13.4558","13.4700","13.3540","-0.54"
"03.10.2014","13.4862","13.3855","13.5132","13.3630","0.78"
"06.10.2014","13.3977","13.4900","13.4955","13.3570","-0.66"
"07.10.2014","13.4752","13.3983","13.4836","13.3798","0.58"
"08.10.2014","13.3373","13.4763","13.5120","13.3015","-1.02"
"09.10.2014","13.4365","13.3388","13.4457","13.2757","0.74"
"10.10.2014","13.4825","13.4413","13.4882","13.3780","0.34"
"13.10.2014","13.4475","13.4698","13.4802","13.3867","-0.26"
"14.10.2014","13.4455","13.4460","13.4870","13.3880","-0.01"
"15.10.2014","13.5307","13.4442","13.6237","13.4285","0.63"
"16.10.2014","13.5587","13.5305","13.6720","13.5095","0.21"
"17.10.2014","13.5220","13.5604","13.5708","13.4817","-0.27"
"20.10.2014","13.5335","13.5325","13.5505","13.5035","0.09"
"21.10.2014","13.5395","13.5372","13.5647","13.4755","0.04"
"22.10.2014","13.5565","13.5381","13.5737","13.5165","0.13"
"23.10.2014","13.5625","13.5607","13.5685","13.4950","0.04"
"24.10.2014","13.5587","13.5617","13.5767","13.5170","-0.03"
"27.10.2014","13.5400","13.5473","13.6303","13.5273","-0.14"
"28.10.2014","13.4415","13.5400","13.5591","13.4335","-0.73"
"29.10.2014","13.4978","13.4465","13.5140","13.4122","0.42"
"30.10.2014","13.4417","13.4961","13.5156","13.4170","-0.42"
"31.10.2014","13.4772","13.4409","13.4981","13.3997","0.26"
"03.11.2014","13.6075","13.4660","13.6157","13.4589","0.97"
"04.11.2014","13.5553","13.6075","13.6804","13.5415","-0.38"
"05.11.2014","13.5740","13.5552","13.6573","13.5510","0.14"
"06.11.2014","13.6367","13.5725","13.6532","13.5535","0.46"
"07.11.2014","13.5405","13.6355","13.6507","13.5025","-0.71"
"10.11.2014","13.6075","13.5425","13.6167","13.5057","0.49"
"11.11.2014","13.6020","13.6085","13.6399","13.5720","-0.04"
"12.11.2014","13.5567","13.6025","13.6200","13.5480","-0.33"
"13.11.2014","13.6040","13.5570","13.6397","13.5485","0.35"
"14.11.2014","13.5340","13.6040","13.6382","13.4945","-0.51"
"17.11.2014","13.5900","13.5327","13.6000","13.5247","0.41"
"18.11.2014","13.5560","13.5905","13.5937","13.5312","-0.25"
"19.11.2014","13.6193","13.5640","13.6472","13.5515","0.47"
"20.11.2014","13.6509","13.6184","13.6526","13.5754","0.23"
"21.11.2014","13.6200","13.6535","13.6737","13.5980","-0.23"
"24.11.2014","13.6582","13.6300","13.6647","13.6015","0.28"
"25.11.2014","13.6742","13.6603","13.6887","13.6220","0.12"
"26.11.2014","13.7265","13.6760","13.7667","13.6545","0.38"
"27.11.2014","13.7630","13.7255","13.7902","13.7017","0.27"
"28.11.2014","13.9367","13.7613","13.9585","13.7603","1.26"
"01.12.2014","13.9945","13.9250","13.9972","13.8705","0.41"
"02.12.2014","14.1005","13.9916","14.1382","13.9710","0.76"
"03.12.2014","14.1007","14.1022","14.1377","14.0630","0.00"
"04.12.2014","14.1560","14.0935","14.1687","14.0735","0.39"
"05.12.2014","14.3590","14.1570","14.4545","14.1405","1.43"
"08.12.2014","14.3818","14.3525","14.4597","14.2845","0.16"
"09.12.2014","14.4225","14.3817","14.4303","14.3395","0.28"
"10.12.2014","14.5585","14.4225","14.5732","14.3875","0.94"
"11.12.2014","14.7762","14.5585","14.8140","14.4905","1.50"
"12.12.2014","14.7628","14.7769","14.9424","14.6555","-0.09"
"15.12.2014","14.7585","14.7530","14.8235","14.7095","-0.03"
"16.12.2014","14.7495","14.7555","14.8718","14.6735","-0.06"
"17.12.2014","14.5642","14.7465","14.7937","14.3732","-1.26"
"18.12.2014","14.5765","14.5660","14.6037","14.4457","0.08"
"19.12.2014","14.6047","14.5738","14.7140","14.5047","0.19"
"22.12.2014","14.6575","14.5945","14.6752","14.5542","0.36"
"23.12.2014","14.7592","14.6520","14.7973","14.6320","0.69"
"24.12.2014","14.7150","14.7600","14.7950","14.6958","-0.30"
"25.12.2014","14.7169","14.7169","14.7169","14.7169","0.01"
"26.12.2014","14.7075","14.7218","14.7425","14.6653","-0.06"
"29.12.2014","14.7740","14.7210","14.7830","14.6830","0.45"
"30.12.2014","14.7335","14.7685","14.8015","14.7195","-0.27"
"31.12.2014","14.7490","14.7370","14.7740","14.6960","0.11"
"01.01.2015","14.7535","14.7535","14.7535","14.7535","0.03"
"02.01.2015","14.8335","14.7430","14.8723","14.7430","0.54"
"05.01.2015","14.9415","14.8207","14.9865","14.8165","0.73"
"06.01.2015","14.8947","14.9402","14.9961","14.8173","-0.31"
"07.01.2015","14.7130","14.8940","14.9157","14.6860","-1.22"
"08.01.2015","14.6665","14.7103","14.7435","14.5953","-0.32"
"09.01.2015","14.6015","14.6650","14.7117","14.5495","-0.44"
"12.01.2015","14.6505","14.5755","14.6764","14.5725","0.34"
"13.01.2015","14.6140","14.6515","14.6802","14.5370","-0.25"
"14.01.2015","14.4850","14.6130","14.7092","14.4770","-0.88"
"15.01.2015","14.6642","14.4877","14.6839","14.4318","1.24"
"16.01.2015","14.5576","14.6636","14.6991","14.5564","-0.73"
"19.01.2015","14.6180","14.5767","14.6720","14.5767","0.41"
"20.01.2015","14.6608","14.6241","14.6700","14.5816","0.29"
"21.01.2015","14.7543","14.6602","14.7957","14.5895","0.64"
"22.01.2015","14.6311","14.7548","14.7868","14.5854","-0.84"
"23.01.2015","14.6530","14.6283","14.7382","14.6065","0.15"
"26.01.2015","14.5738","14.6743","14.6906","14.5488","-0.54"
"27.01.2015","14.6190","14.5755","14.6470","14.5502","0.31"
"28.01.2015","14.7550","14.6230","14.7630","14.6192","0.93"
"29.01.2015","14.8020","14.7549","14.9009","14.7224","0.32"
"30.01.2015","14.9890","14.7950","15.0680","14.7632","1.26"
"02.02.2015","14.8672","14.9710","14.9844","14.8580","-0.81"
"03.02.2015","14.6527","14.8677","14.9067","14.6440","-1.44"
"04.02.2015","14.8915","14.6522","14.9080","14.6360","1.63"
"05.02.2015","14.7895","14.8922","14.8930","14.7345","-0.68"
"06.02.2015","14.8483","14.7892","14.9590","14.7299","0.40"
"09.02.2015","14.8338","14.8520","14.8677","14.7822","-0.10"
"10.02.2015","14.9565","14.8345","14.9895","14.7877","0.83"
"11.02.2015","15.0735","14.9560","15.1582","14.9252","0.78"
"12.02.2015","14.9213","15.0718","15.0915","14.8679","-1.01"
"13.02.2015","14.8852","14.9225","15.0110","14.8373","-0.24"
"16.02.2015","14.9250","14.9155","14.9355","14.8530","0.27"
"17.02.2015","14.9155","14.9255","14.9309","14.8170","-0.06"
"18.02.2015","14.8632","14.9145","14.9722","14.8288","-0.35"
"19.02.2015","15.0022","14.8545","15.0372","14.8545","0.94"
"20.02.2015","15.0293","15.0010","15.1032","14.9610","0.18"
"23.02.2015","15.0892","15.0465","15.1344","15.0220","0.40"
"24.02.2015","14.9120","15.0873","15.1477","14.8618","-1.17"
"25.02.2015","14.9302","14.9135","14.9486","14.8709","0.12"
"26.02.2015","14.9948","14.9347","15.0230","14.8218","0.43"
"27.02.2015","14.9507","14.9883","15.0419","14.9065","-0.29"
"02.03.2015","15.0155","14.9460","15.0270","14.9200","0.43"
"03.03.2015","14.9950","15.0070","15.0534","14.9295","-0.14"
"04.03.2015","15.0547","14.9865","15.1166","14.9795","0.40"
"05.03.2015","15.1945","15.0533","15.2615","15.0268","0.93"
"06.03.2015","15.4982","15.1900","15.5218","15.1717","2.00"
"09.03.2015","15.4743","15.4923","15.5280","15.4073","-0.15"
"10.03.2015","15.6255","15.4730","15.6502","15.4605","0.98"
"11.03.2015","15.4945","15.6210","15.6683","15.4018","-0.84"
"12.03.2015","15.3905","15.4958","15.5075","15.3490","-0.67"
"13.03.2015","15.4859","15.3916","15.5645","15.3821","0.62"
"16.03.2015","15.4177","15.4798","15.5187","15.3739","-0.44"
"17.03.2015","15.3716","15.4156","15.4451","15.3682","-0.30"
"18.03.2015","15.0925","15.3770","15.4483","14.9955","-1.82"
"19.03.2015","15.2775","15.0950","15.3525","15.0880","1.23"
"20.03.2015","15.0550","15.2775","15.2850","14.9775","-1.46"
"23.03.2015","14.9300","15.0507","15.0779","14.9250","-0.83"
"24.03.2015","14.9410","14.9270","15.0095","14.8675","0.07"
"25.03.2015","14.9913","14.9425","15.0023","14.8544","0.34"
"26.03.2015","15.1395","14.9875","15.1755","14.9545","0.99"
"27.03.2015","15.2350","15.1320","15.2400","15.1028","0.63"
"30.03.2015","15.2620","15.2295","15.2745","15.1888","0.18"
"31.03.2015","15.2618","15.2667","15.3540","15.2130","-0.00"
"01.04.2015","15.1500","15.2675","15.3040","15.0998","-0.73"
"02.04.2015","15.0013","15.1420","15.1608","14.9877","-0.98"
"03.04.2015","14.8111","14.9991","15.0343","14.7703","-1.27"
"06.04.2015","14.9179","14.8161","14.9392","14.7579","0.72"
"07.04.2015","14.9305","14.9168","14.9517","14.8603","0.08"
"08.04.2015","14.9089","14.9323","14.9600","14.8345","-0.14"
"09.04.2015","15.0880","14.9039","15.1015","14.8705","1.20"
"10.04.2015","15.2262","15.0875","15.2346","15.0730","0.92"
"13.04.2015","15.3803","15.2320","15.4067","15.2242","1.01"
"14.04.2015","15.2624","15.3819","15.3940","15.1978","-0.77"
"15.04.2015","15.2665","15.2675","15.4212","15.2055","0.03"
"16.04.2015","15.1710","15.2730","15.3239","15.1163","-0.63"
"17.04.2015","15.3284","15.1691","15.3864","15.1188","1.04"
"20.04.2015","15.4503","15.3155","15.4702","15.2775","0.80"
"21.04.2015","15.4350","15.4571","15.4940","15.3546","-0.10"
"22.04.2015","15.4420","15.4320","15.4796","15.3470","0.05"
"23.04.2015","15.3540","15.4455","15.4862","15.2900","-0.57"
"24.04.2015","15.3880","15.3602","15.4457","15.2957","0.22"
"27.04.2015","15.3514","15.3865","15.4328","15.2908","-0.24"
"28.04.2015","15.2545","15.3553","15.3902","15.1856","-0.63"
"29.04.2015","15.2195","15.2555","15.3057","15.1423","-0.23"
"30.04.2015","15.3488","15.2195","15.4085","15.2042","0.85"
"01.05.2015","15.5784","15.3474","15.5920","15.3259","1.50"
"04.05.2015","15.4547","15.5843","15.5847","15.4294","-0.79"
"05.05.2015","15.3414","15.4523","15.4805","15.2708","-0.73"
"06.05.2015","15.3573","15.3440","15.3669","15.2433","0.10"
"07.05.2015","15.3181","15.3581","15.4370","15.2692","-0.26"
"08.05.2015","15.1173","15.3157","15.3227","15.1068","-1.31"
"11.05.2015","15.3596","15.1126","15.3636","15.1125","1.60"
"12.05.2015","15.3421","15.3540","15.4276","15.2795","-0.11"
"13.05.2015","15.2645","15.3416","15.3431","15.1503","-0.51"
"14.05.2015","15.1017","15.2620","15.2921","15.0673","-1.07"
"15.05.2015","15.0053","15.1019","15.1500","14.9828","-0.64"
"18.05.2015","15.1158","15.0165","15.1479","15.0007","0.74"
"19.05.2015","15.1823","15.1160","15.2284","15.0690","0.44"
"20.05.2015","15.1890","15.1872","15.2485","15.1250","0.04"
"21.05.2015","15.2239","15.1965","15.2651","15.1320","0.23"
"22.05.2015","15.2610","15.2214","15.3297","15.1841","0.24"
"25.05.2015","15.2568","15.2544","15.2890","15.2422","-0.03"
"26.05.2015","15.2969","15.2531","15.3460","15.2370","0.26"
"27.05.2015","15.2828","15.2980","15.4062","15.2577","-0.09"
"28.05.2015","15.3138","15.2831","15.4099","15.2759","0.20"
"29.05.2015","15.3775","15.3148","15.4425","15.3102","0.42"
"01.06.2015","15.4838","15.3735","15.5400","15.3735","0.69"
"02.06.2015","15.4318","15.4855","15.5014","15.3871","-0.34"
"03.06.2015","15.5163","15.4300","15.5478","15.4167","0.55"
"04.06.2015","15.5370","15.5165","15.5894","15.4903","0.13"
"05.06.2015","15.7090","15.5417","15.7728","15.5220","1.11"
"08.06.2015","15.6295","15.7012","15.7634","15.6055","-0.51"
"09.06.2015","15.5777","15.6273","15.6628","15.5293","-0.33"
"10.06.2015","15.4308","15.5803","15.6015","15.4025","-0.94"
"11.06.2015","15.3491","15.4333","15.5701","15.3454","-0.53"
"12.06.2015","15.4021","15.3461","15.4562","15.3418","0.35"
"15.06.2015","15.4343","15.4130","15.4603","15.4000","0.21"
"16.06.2015","15.3904","15.4335","15.4653","15.3820","-0.28"
"17.06.2015","15.2580","15.3874","15.4367","15.2433","-0.86"
"18.06.2015","15.3423","15.2648","15.3771","15.1689","0.55"
"19.06.2015","15.3467","15.3408","15.3716","15.2765","0.03"
"22.06.2015","15.3415","15.3536","15.3590","15.2795","-0.03"
"23.06.2015","15.4003","15.3430","15.4426","15.3177","0.38"
"24.06.2015","15.4999","15.3960","15.5054","15.3560","0.65"
"25.06.2015","15.4821","15.4992","15.5208","15.4477","-0.11"
"26.06.2015","15.5553","15.4820","15.5917","15.4761","0.47"
"29.06.2015","15.6884","15.6225","15.7191","15.6130","0.86"
"30.06.2015","15.7389","15.6888","15.7389","15.6253","0.32"
"01.07.2015","15.7815","15.7306","15.8127","15.6933","0.27"
"02.07.2015","15.6618","15.7768","15.8415","15.6307","-0.76"
"03.07.2015","15.7311","15.6576","15.7569","15.6570","0.44"
"06.07.2015","15.7122","15.7553","15.8627","15.6915","-0.12"
"07.07.2015","15.7878","15.7103","15.8682","15.6940","0.48"
"08.07.2015","15.8482","15.7872","15.8704","15.7672","0.38"
"09.07.2015","15.8160","15.8488","15.8542","15.7318","-0.20"
"10.07.2015","15.7140","15.8123","15.8203","15.6643","-0.64"
"13.07.2015","15.7023","15.7130","15.8084","15.6915","-0.07"
"14.07.2015","15.6655","15.7078","15.7663","15.6245","-0.23"
"15.07.2015","15.7820","15.6573","15.8068","15.6320","0.74"
"16.07.2015","15.8324","15.7841","15.8392","15.7684","0.32"
"17.07.2015","15.9288","15.8372","15.9366","15.7910","0.61"
"20.07.2015","16.0080","15.9286","16.0444","15.9000","0.50"
"21.07.2015","16.0048","16.0155","16.0202","15.9362","-0.02"
"22.07.2015","16.0950","15.9943","16.1492","15.9865","0.56"
"23.07.2015","16.2163","16.0983","16.2180","16.0388","0.75"
"24.07.2015","16.2695","16.2172","16.3018","16.1938","0.33"
"27.07.2015","16.2917","16.2559","16.3459","16.2152","0.14"
"28.07.2015","16.2735","16.2843","16.3278","16.2082","-0.11"
"29.07.2015","16.2890","16.2725","16.3027","16.1613","0.10"
"30.07.2015","16.2681","16.2813","16.4890","16.1933","-0.13"
"31.07.2015","16.1106","16.2734","16.2952","15.9989","-0.97"
"03.08.2015","16.1797","16.1020","16.1852","16.0700","0.43"
"04.08.2015","16.2958","16.1700","16.3011","16.0922","0.72"
"05.08.2015","16.3758","16.2995","16.3999","16.2270","0.49"
"06.08.2015","16.3240","16.3766","16.4187","16.3068","-0.32"
"07.08.2015","16.1538","16.3282","16.3608","16.1068","-1.04"
"10.08.2015","16.1624","16.1500","16.2787","16.0858","0.05"
"11.08.2015","16.3145","16.1582","16.3686","16.1510","0.94"
"12.08.2015","16.2823","16.3097","16.3902","16.1708","-0.20"
"13.08.2015","16.4026","16.2800","16.4188","16.2410","0.74"
"14.08.2015","16.3756","16.3967","16.4339","16.3304","-0.16"
"17.08.2015","16.4271","16.3672","16.4800","16.3672","0.31"
"18.08.2015","16.4002","16.4361","16.4741","16.3893","-0.16"
"19.08.2015","16.6188","16.4025","16.6317","16.3700","1.33"
"20.08.2015","16.8023","16.6188","16.8198","16.5870","1.10"
"21.08.2015","16.9877","16.8142","16.9957","16.7828","1.10"
"24.08.2015","17.2032","16.9928","17.2499","16.9820","1.27"
"25.08.2015","17.2080","17.2053","17.2243","16.8952","0.03"
"26.08.2015","17.0058","17.2015","17.3065","16.9878","-1.18"
"27.08.2015","16.8776","17.0062","17.0464","16.7830","-0.75"
"28.08.2015","16.7519","16.8804","16.9542","16.7010","-0.74"
"31.08.2015","16.7522","16.7469","16.9146","16.6590","0.00"
"01.09.2015","16.9692","16.7500","16.9925","16.7240","1.30"
"02.09.2015","16.8262","16.9670","16.9914","16.8057","-0.84"
"03.09.2015","16.8020","16.8172","16.9437","16.7360","-0.14"
"04.09.2015","16.9486","16.7930","16.9620","16.7640","0.87"
"07.09.2015","16.9917","16.9493","17.0243","16.8901","0.25"
"08.09.2015","16.8253","16.9875","16.9935","16.7477","-0.98"
"09.09.2015","16.8235","16.8217","16.8552","16.7188","-0.01"
"10.09.2015","16.7763","16.8232","16.9952","16.6938","-0.28"
"11.09.2015","16.8376","16.7792","16.8783","16.7231","0.37"
"14.09.2015","16.7540","16.8286","16.8604","16.7343","-0.50"
"15.09.2015","16.6901","16.7549","16.7912","16.6834","-0.38"
"16.09.2015","16.5517","16.6904","16.6992","16.5413","-0.83"
"17.09.2015","16.6000","16.5594","16.6255","16.3698","0.29"
"18.09.2015","16.6535","16.5980","16.6700","16.4252","0.32"
"21.09.2015","16.6632","16.6320","16.7582","16.5558","0.06"
"22.09.2015","16.8891","16.6632","16.9166","16.6300","1.36"
"23.09.2015","17.1155","16.8872","17.1515","16.8295","1.34"
"24.09.2015","16.8701","17.1140","17.3429","16.7910","-1.43"
"25.09.2015","16.9725","16.8763","17.0310","16.7098","0.61"
"28.09.2015","17.0738","16.9621","17.1280","16.9146","0.60"
"29.09.2015","17.0253","17.0724","17.1460","16.9540","-0.28"
"30.09.2015","16.9193","17.0263","17.0377","16.8535","-0.62"
"01.10.2015","16.9208","16.9228","16.9330","16.7817","0.01"
"02.10.2015","16.7597","16.9211","17.0220","16.7168","-0.95"
"05.10.2015","16.7959","16.7738","16.7966","16.5782","0.22"
"06.10.2015","16.6517","16.7885","16.8467","16.6258","-0.86"
"07.10.2015","16.6517","16.6547","16.6740","16.4903","0.00"
"08.10.2015","16.4604","16.6541","16.6901","16.4536","-1.15"
"09.10.2015","16.4320","16.4616","16.4943","16.3713","-0.17"
"12.10.2015","16.4600","16.4263","16.4997","16.3910","0.17"
"13.10.2015","16.6563","16.4668","16.6692","16.4668","1.19"
"14.10.2015","16.4734","16.6588","16.6612","16.4375","-1.10"
"15.10.2015","16.3900","16.4625","16.4889","16.3215","-0.51"
"16.10.2015","16.4268","16.3837","16.5022","16.3430","0.22"
"19.10.2015","16.4892","16.4184","16.5341","16.3549","0.38"
"20.10.2015","16.5641","16.4913","16.6200","16.4500","0.45"
"21.10.2015","16.6561","16.5497","16.7106","16.5439","0.56"
"22.10.2015","16.4783","16.6578","16.6619","16.4573","-1.07"
"23.10.2015","16.5937","16.4781","16.6152","16.3875","0.70"
"26.10.2015","16.5329","16.5857","16.5924","16.4662","-0.37"
"27.10.2015","16.5430","16.5350","16.6121","16.5002","0.06"
"28.10.2015","16.6385","16.5464","16.6550","16.4225","0.58"
"29.10.2015","16.6323","16.6375","16.6937","16.5790","-0.04"
"30.10.2015","16.5000","16.6379","16.6406","16.4830","-0.80"
"02.11.2015","16.4422","16.5047","16.5348","16.4357","-0.35"
"03.11.2015","16.3982","16.4387","16.5099","16.3637","-0.27"
"04.11.2015","16.5395","16.4017","16.5632","16.3560","0.86"
"05.11.2015","16.6041","16.5327","16.6278","16.5080","0.39"
"06.11.2015","16.8003","16.6103","16.8854","16.5972","1.18"
"09.11.2015","16.7735","16.8279","16.9213","16.7555","-0.16"
"10.11.2015","16.7553","16.7713","16.8462","16.7117","-0.11"
"11.11.2015","16.7309","16.7514","16.7662","16.6472","-0.15"
"12.11.2015","16.7353","16.7337","16.8186","16.6882","0.03"
"13.11.2015","16.6829","16.7352","16.7940","16.6682","-0.31"
"16.11.2015","16.7701","16.6817","16.8388","16.6746","0.52"
"17.11.2015","16.7228","16.7696","16.8028","16.7058","-0.28"
"18.11.2015","16.7386","16.7195","16.8282","16.6930","0.09"
"19.11.2015","16.6210","16.7385","16.7437","16.5485","-0.70"
"20.11.2015","16.5335","16.6182","16.6599","16.4555","-0.53"
"23.11.2015","16.5476","16.5247","16.6365","16.4838","0.09"
"24.11.2015","16.5353","16.5493","16.5661","16.4342","-0.07"
"25.11.2015","16.5024","16.5387","16.5900","16.4870","-0.20"
"26.11.2015","16.5641","16.4972","16.5712","16.4910","0.37"
"27.11.2015","16.6246","16.5607","16.6318","16.5357","0.37"
"30.11.2015","16.5745","16.6302","16.6323","16.5467","-0.30"
"01.12.2015","16.5206","16.5733","16.5835","16.4677","-0.33"
"02.12.2015","16.5687","16.5265","16.6243","16.4999","0.29"
"03.12.2015","16.7134","16.5657","16.7545","16.5212","0.87"
"04.12.2015","16.6559","16.7131","16.7774","16.6481","-0.34"
"07.12.2015","16.8889","16.6585","16.9763","16.6575","1.40"
"08.12.2015","17.0270","16.8919","17.0792","16.8820","0.82"
"09.12.2015","17.0635","17.0275","17.1037","16.9215","0.21"
"10.12.2015","17.1968","17.0689","17.2159","17.0316","0.78"
"11.12.2015","17.3920","17.1916","17.4371","17.1782","1.14"
"14.12.2015","17.3095","17.3230","17.4681","17.2875","-0.47"
"15.12.2015","17.1100","17.3168","17.3572","17.1070","-1.15"
"16.12.2015","16.9850","17.1180","17.1998","16.8978","-0.73"
"17.12.2015","17.0500","16.9870","17.1612","16.9272","0.38"
"18.12.2015","17.1450","17.0465","17.1487","16.9542","0.56"
"21.12.2015","17.1602","17.1303","17.2345","17.0325","0.09"
"22.12.2015","17.1898","17.1532","17.2377","17.0930","0.17"
"23.12.2015","17.2250","17.1921","17.2527","17.1537","0.20"
"24.12.2015","17.2250","17.2212","17.3217","17.2050","0.00"
"25.12.2015","17.2300","17.2300","17.2342","17.2300","0.03"
"28.12.2015","17.2498","17.2248","17.3095","17.2230","0.11"
"29.12.2015","17.2500","17.2462","17.2787","17.1555","0.00"
"30.12.2015","17.3825","17.2463","17.4056","17.2448","0.77"
"31.12.2015","17.1800","17.3845","17.4237","17.1800","-1.16"
"01.01.2016","17.1800","17.1800","17.1800","17.1800","0.00"
"04.01.2016","17.3099","17.2118","17.3941","17.1931","0.76"
"05.01.2016","17.3387","17.3020","17.3803","17.2500","0.17"
"06.01.2016","17.5400","17.3500","17.5676","17.3255","1.16"
"07.01.2016","17.8550","17.5370","17.8550","17.5115","1.80"
"08.01.2016","17.9350","17.8534","17.9772","17.7050","0.45"
"11.01.2016","17.8850","17.9254","18.0110","17.7802","-0.28"
"12.01.2016","17.8950","17.8850","17.9802","17.7270","0.06"
"13.01.2016","17.9490","17.9009","17.9592","17.7628","0.30"
"14.01.2016","17.8823","17.9528","18.0157","17.8427","-0.37"
"15.01.2016","18.2620","17.8808","18.3297","17.8470","2.12"
"18.01.2016","18.2095","18.2694","18.3110","18.1620","-0.29"
"19.01.2016","18.2784","18.2022","18.2994","18.0390","0.38"
"20.01.2016","18.5250","18.2714","18.6802","18.2512","1.35"
"21.01.2016","18.7283","18.5217","18.8010","18.4188","1.10"
"22.01.2016","18.4350","18.7253","18.7622","18.3625","-1.57"
"25.01.2016","18.6050","18.4408","18.6481","18.4078","0.92"
"26.01.2016","18.4650","18.6070","18.6842","18.3872","-0.75"
"27.01.2016","18.4700","18.4680","18.5560","18.3462","0.03"
"28.01.2016","18.3300","18.4700","18.4874","18.1970","-0.76"
"29.01.2016","18.1100","18.3391","18.3589","18.1085","-1.20"
"01.02.2016","18.2387","18.1045","18.4120","18.1045","0.71"
"02.02.2016","18.4805","18.2348","18.5442","18.2174","1.33"
"03.02.2016","18.1707","18.4787","18.6135","18.1515","-1.68"
"04.02.2016","18.2800","18.1725","18.3459","18.0189","0.60"
"05.02.2016","18.4448","18.2750","18.4747","18.1630","0.90"
"08.02.2016","18.6736","18.4408","18.7995","18.3615","1.24"
"09.02.2016","18.8037","18.6720","18.9332","18.6280","0.70"
"10.02.2016","18.9350","18.8050","18.9612","18.6250","0.70"
"11.02.2016","19.1500","18.9427","19.4502","18.9026","1.14"
"12.02.2016","18.9100","19.1500","19.2402","18.8890","-1.25"
"15.02.2016","18.8324","18.9222","18.9805","18.7867","-0.41"
"16.02.2016","18.8850","18.8250","18.8981","18.7133","0.28"
"17.02.2016","18.3610","18.8840","18.9546","17.9605","-2.77"
"18.02.2016","18.2900","18.3675","18.4047","18.0627","-0.39"
"19.02.2016","18.2250","18.2892","18.3640","18.1493","-0.36"
"22.02.2016","18.0750","18.2338","18.2470","17.9922","-0.82"
"23.02.2016","18.2108","18.0757","18.2502","18.0320","0.75"
"24.02.2016","18.2150","18.2182","18.3798","18.1398","0.02"
"25.02.2016","18.1271","18.2090","18.2520","18.0607","-0.48"
"26.02.2016","18.2766","18.1298","18.2882","17.9800","0.82"
"29.02.2016","18.1350","18.2849","18.3236","18.0443","-0.77"
"01.03.2016","17.9150","18.1409","18.1742","17.8458","-1.21"
"02.03.2016","17.8200","17.9189","17.9842","17.7885","-0.53"
"03.03.2016","17.9215","17.8187","18.0012","17.8104","0.57"
"04.03.2016","17.7600","17.9255","17.9774","17.7357","-0.90"
"07.03.2016","17.7550","17.7639","17.8814","17.6965","-0.03"
"08.03.2016","17.9299","17.7440","17.9445","17.7359","0.99"
"09.03.2016","17.7623","17.9310","17.9485","17.6992","-0.93"
"10.03.2016","17.8141","17.7580","17.9507","17.6120","0.29"
"11.03.2016","17.6964","17.8064","17.8521","17.6541","-0.66"
"14.03.2016","17.7484","17.6869","17.8302","17.6823","0.29"
"15.03.2016","17.8850","17.7506","17.9822","17.7385","0.77"
"16.03.2016","17.6000","17.8932","17.9997","17.5950","-1.59"
"17.03.2016","17.3200","17.6044","17.6401","17.3100","-1.59"
"18.03.2016","17.3922","17.3115","17.4365","17.2233","0.42"
"21.03.2016","17.4149","17.3915","17.4972","17.3577","0.13"
"22.03.2016","17.3331","17.4135","17.5286","17.3017","-0.47"
"23.03.2016","17.5887","17.3437","17.6161","17.3295","1.47"
"24.03.2016","17.6118","17.5897","17.6997","17.5500","0.13"
"25.03.2016","17.5376","17.6154","17.6224","17.5283","-0.42"
"28.03.2016","17.4350","17.5687","17.5979","17.4098","-0.59"
"29.03.2016","17.3399","17.4297","17.5541","17.2736","-0.55"
"30.03.2016","17.2325","17.3472","17.3600","17.1705","-0.62"
"31.03.2016","17.2806","17.2294","17.3785","17.0945","0.28"
"01.04.2016","17.3300","17.2892","17.4958","17.2490","0.29"
"04.04.2016","17.4900","17.3324","17.4977","17.3020","0.92"
"05.04.2016","17.6891","17.4792","17.7788","17.4642","1.14"
"06.04.2016","17.6531","17.6923","17.8502","17.6161","-0.20"
"07.04.2016","17.8753","17.6499","17.9549","17.6016","1.26"
"08.04.2016","17.7750","17.8864","17.8982","17.6998","-0.56"
"11.04.2016","17.6448","17.7815","17.8405","17.5855","-0.73"
"12.04.2016","17.4817","17.6450","17.6778","17.4344","-0.92"
"13.04.2016","17.4307","17.4798","17.5653","17.4203","-0.29"
"14.04.2016","17.4462","17.4310","17.5840","17.3155","0.09"
"15.04.2016","17.5624","17.4462","17.6035","17.3820","0.67"
"18.04.2016","17.4382","17.5407","17.7580","17.4098","-0.71"
"19.04.2016","17.3122","17.4362","17.4505","17.2240","-0.72"
"20.04.2016","17.2788","17.3002","17.3820","17.1920","-0.19"
"21.04.2016","17.4670","17.2805","17.5235","17.2349","1.09"
"22.04.2016","17.4777","17.4720","17.5160","17.3762","0.06"
"25.04.2016","17.5605","17.4252","17.6400","17.4252","0.47"
"26.04.2016","17.3708","17.5564","17.5994","17.3436","-1.08"
"27.04.2016","17.3240","17.3808","17.4870","17.2940","-0.27"
"28.04.2016","17.2720","17.3249","17.4200","17.1837","-0.30"
"29.04.2016","17.1750","17.2722","17.2724","17.0457","-0.56"
"02.05.2016","17.2014","17.1789","17.2662","17.1059","0.15"
"03.05.2016","17.6065","17.2049","17.6217","17.1650","2.36"
"04.05.2016","17.7995","17.6372","17.8398","17.5972","1.10"
"05.05.2016","17.8942","17.7917","17.9142","17.6310","0.53"
"06.05.2016","17.8813","17.8940","18.1670","17.8150","-0.07"
"09.05.2016","18.2020","17.8686","18.2165","17.8347","1.79"
"10.05.2016","17.9905","18.2049","18.2200","17.9558","-1.16"
"11.05.2016","17.9946","17.9815","18.1480","17.8780","0.02"
"12.05.2016","17.9740","17.9895","18.0505","17.8647","-0.11"
"13.05.2016","18.1668","17.9795","18.2200","17.9457","1.07"
"16.05.2016","18.3055","18.1905","18.3335","18.0908","0.76"
"17.05.2016","18.2700","18.3000","18.3857","18.2025","-0.19"
"18.05.2016","18.4386","18.2681","18.4894","18.2681","0.92"
"19.05.2016","18.4235","18.4400","18.6085","18.4170","-0.08"
"20.05.2016","18.3420","18.4220","18.4600","18.3245","-0.44"
"23.05.2016","18.5180","18.3445","18.5291","18.3055","0.96"
"24.05.2016","18.4803","18.5242","18.5892","18.4127","-0.20"
"25.05.2016","18.4840","18.4855","18.5080","18.3183","0.02"
"26.05.2016","18.4550","18.4912","18.5135","18.3528","-0.16"
"27.05.2016","18.4562","18.4645","18.5406","18.3797","0.01"
"30.05.2016","18.4843","18.4575","18.5123","18.4500","0.15"
"31.05.2016","18.4684","18.4765","18.4950","18.3763","-0.09"
"01.06.2016","18.5238","18.4610","18.6215","18.4370","0.30"
"02.06.2016","18.6740","18.5257","18.6817","18.4780","0.81"
"03.06.2016","18.5925","18.6840","18.7352","18.4972","-0.44"
"06.06.2016","18.6675","18.6046","18.6775","18.5312","0.40"
"07.06.2016","18.3587","18.6620","18.7077","18.3470","-1.65"
"08.06.2016","18.1199","18.3583","18.4037","18.0685","-1.30"
"09.06.2016","18.2470","18.1180","18.3112","18.0870","0.70"
"10.06.2016","18.6300","18.2465","18.7515","18.2385","2.10"
"13.06.2016","18.8405","18.6320","18.8575","18.6075","1.13"
"14.06.2016","18.9309","18.8384","19.0309","18.8293","0.48"
"15.06.2016","18.9122","18.9272","18.9570","18.7520","-0.10"
"16.06.2016","18.9435","18.9075","19.0985","18.8617","0.17"
"17.06.2016","18.8425","18.9390","18.9535","18.7757","-0.53"
"20.06.2016","18.6575","18.8373","18.8373","18.6030","-0.98"
"21.06.2016","18.6230","18.6650","18.6970","18.5305","-0.18"
"22.06.2016","18.4950","18.6300","18.7275","18.4728","-0.69"
"23.06.2016","18.2250","18.4935","18.4960","18.2027","-1.46"
"24.06.2016","18.9310","18.2329","19.5281","18.1162","3.87"
"27.06.2016","19.1815","18.9355","19.2605","18.8163","1.32"
"28.06.2016","18.8279","19.1779","19.2023","18.7619","-1.84"
"29.06.2016","18.4860","18.8310","18.8560","18.4700","-1.82"
"30.06.2016","18.2800","18.4958","18.6722","18.1767","-1.11"
"01.07.2016","18.3553","18.2772","18.4383","18.1120","0.41"
"04.07.2016","18.4190","18.3588","18.4430","18.3126","0.35"
"05.07.2016","18.8185","18.4245","18.8430","18.4120","2.17"
"06.07.2016","18.7330","18.8245","18.9505","18.7142","-0.45"
"07.07.2016","18.8310","18.7377","18.9420","18.5957","0.52"
"08.07.2016","18.5038","18.8285","18.9121","18.4525","-1.74"
"11.07.2016","18.4670","18.5017","18.6138","18.3538","-0.20"
"12.07.2016","18.3410","18.4670","18.4920","18.2675","-0.68"
"13.07.2016","18.3690","18.3380","18.4420","18.2452","0.15"
"14.07.2016","18.3550","18.3690","18.3900","18.2040","-0.08"
"15.07.2016","18.6197","18.3550","18.6260","18.3137","1.44"
"18.07.2016","18.3800","18.5635","18.5760","18.3521","-1.29"
"19.07.2016","18.5000","18.3798","18.6378","18.3485","0.65"
"20.07.2016","18.6758","18.5018","18.6899","18.4520","0.95"
"21.07.2016","18.5711","18.6795","18.6952","18.5305","-0.56"
"22.07.2016","18.5475","18.5680","18.6450","18.4960","-0.13"
"25.07.2016","18.7782","18.5398","18.7952","18.5147","1.24"
"26.07.2016","18.7755","18.7760","18.8575","18.7180","-0.01"
"27.07.2016","18.8265","18.7790","18.9305","18.7407","0.27"
"28.07.2016","18.8925","18.8205","18.9425","18.7536","0.35"
"29.07.2016","18.7525","18.8935","18.9820","18.7160","-0.74"
"01.08.2016","18.8669","18.7499","18.8981","18.6508","0.61"
"02.08.2016","18.9370","18.8660","18.9857","18.7945","0.37"
"03.08.2016","18.8820","18.9425","19.0105","18.8787","-0.29"
"04.08.2016","18.9088","18.8855","18.9370","18.8002","0.14"
"05.08.2016","18.7572","18.9087","18.9430","18.7255","-0.80"
"08.08.2016","18.5550","18.7640","18.7750","18.5180","-1.08"
"09.08.2016","18.4365","18.5577","18.6017","18.3687","-0.64"
"10.08.2016","18.4174","18.4310","18.4522","18.2772","-0.10"
"11.08.2016","18.2290","18.4194","18.4749","18.1544","-1.02"
"12.08.2016","18.2612","18.2342","18.3232","18.1274","0.18"
"15.08.2016","18.0775","18.2397","18.2612","17.9923","-1.01"
"16.08.2016","18.0610","18.0750","18.1072","17.8977","-0.09"
"17.08.2016","18.1355","18.0699","18.3345","18.0362","0.41"
"18.08.2016","18.1880","18.1360","18.2002","17.9942","0.29"
"19.08.2016","18.2184","18.1880","18.4102","18.1690","0.17"
"22.08.2016","18.2900","18.2450","18.3780","18.2145","0.39"
"23.08.2016","18.5689","18.2904","18.5738","18.2004","1.52"
"24.08.2016","18.4570","18.5627","18.6327","18.4320","-0.60"
"25.08.2016","18.3650","18.4642","18.4942","18.3580","-0.50"
"26.08.2016","18.6015","18.3615","18.6045","18.1578","1.29"
"29.08.2016","18.6250","18.5682","18.6590","18.5300","0.13"
"30.08.2016","18.8046","18.6302","18.8632","18.5767","0.96"
"31.08.2016","18.7851","18.8087","18.9002","18.7550","-0.10"
"01.09.2016","18.7500","18.7850","18.9350","18.7425","-0.19"
"02.09.2016","18.5800","18.7550","18.8270","18.5490","-0.91"
"05.09.2016","18.5650","18.5645","18.5850","18.4555","-0.08"
"06.09.2016","18.2730","18.5690","18.6142","18.2570","-1.57"
"07.09.2016","18.3820","18.2730","18.4350","18.2557","0.60"
"08.09.2016","18.6700","18.3888","18.7160","18.2655","1.57"
"09.09.2016","18.9120","18.6645","18.9255","18.6480","1.30"
"12.09.2016","18.8140","18.8815","19.1820","18.7970","-0.52"
"13.09.2016","19.0800","18.8190","19.2210","18.8067","1.41"
"14.09.2016","19.2740","19.0770","19.2880","19.0007","1.02"
"15.09.2016","19.3470","19.2757","19.3980","19.1520","0.38"
"16.09.2016","19.6020","19.3470","19.7812","19.2650","1.32"
"19.09.2016","19.6900","19.6125","19.7130","19.4660","0.45"
"20.09.2016","19.8150","19.6883","19.9050","19.5988","0.63"
"21.09.2016","19.7400","19.8150","19.9150","19.6550","-0.38"
"22.09.2016","19.6150","19.7400","19.7560","19.5030","-0.63"
"23.09.2016","19.7900","19.6227","19.8452","19.6100","0.89"
"26.09.2016","19.8750","19.7800","19.9250","19.7305","0.43"
"27.09.2016","19.3900","19.8750","19.9232","19.3750","-2.44"
"28.09.2016","19.3700","19.3900","19.5594","19.3225","-0.10"
"29.09.2016","19.5250","19.3700","19.5650","19.3240","0.80"
"30.09.2016","19.3850","19.5300","19.6742","19.3000","-0.72"
"03.10.2016","19.2870","19.3642","19.4145","19.1960","-0.51"
"04.10.2016","19.3260","19.2870","19.4102","19.1550","0.20"
"05.10.2016","19.2100","19.3260","19.3812","19.1950","-0.60"
"06.10.2016","19.2375","19.2100","19.3029","19.1987","0.14"
"07.10.2016","19.2943","19.2400","19.3862","19.1870","0.30"
"10.10.2016","18.9290","18.9960","19.0755","18.7890","-1.89"
"11.10.2016","18.9050","18.9290","19.0052","18.8250","-0.13"
"12.10.2016","18.9100","18.9100","19.0200","18.8480","0.03"
"13.10.2016","18.9269","18.9148","19.1050","18.8850","0.09"
"14.10.2016","19.0100","18.9270","19.0542","18.8420","0.44"
"17.10.2016","18.8550","18.9940","19.0580","18.8490","-0.82"
"18.10.2016","18.6105","18.8550","18.8782","18.5950","-1.30"
"19.10.2016","18.5130","18.6100","18.6942","18.5050","-0.52"
"20.10.2016","18.6200","18.5200","18.6753","18.4500","0.58"
"21.10.2016","18.5888","18.6155","18.7250","18.5720","-0.17"
"24.10.2016","18.5550","18.6048","18.6315","18.5060","-0.18"
"25.10.2016","18.5250","18.5578","18.5670","18.4740","-0.16"
"26.10.2016","18.6890","18.5300","18.7436","18.5000","0.89"
"27.10.2016","18.8410","18.6940","18.8900","18.6880","0.81"
"28.10.2016","18.9685","18.8455","19.1097","18.6950","0.68"
"31.10.2016","18.8640","18.9550","19.0383","18.7875","-0.55"
"01.11.2016","19.1910","18.8640","19.2750","18.7752","1.73"
"02.11.2016","19.3670","19.2005","19.4717","19.1655","0.92"
"03.11.2016","19.1750","19.3670","19.5500","19.1090","-0.99"
"04.11.2016","19.0230","19.1750","19.2630","18.9300","-0.79"
"07.11.2016","18.5935","18.7050","18.7222","18.5507","-2.26"
"08.11.2016","18.3075","18.6005","18.6725","18.3000","-1.54"
"09.11.2016","19.8470","18.3075","20.7750","18.1525","8.41"
"10.11.2016","20.5815","19.8615","20.7695","19.7235","3.70"
"11.11.2016","20.7303","20.5963","21.4150","20.5098","0.72"
"14.11.2016","20.7035","20.6215","21.1128","20.6005","-0.13"
"15.11.2016","20.2712","20.7172","20.7508","20.1988","-2.09"
"16.11.2016","20.2095","20.2713","20.5264","20.1432","-0.30"
"17.11.2016","20.4250","20.2060","20.4720","20.1055","1.07"
"18.11.2016","20.6350","20.4300","20.7600","20.2920","1.03"
"21.11.2016","20.4538","20.6300","20.6620","20.4162","-0.88"
"22.11.2016","20.5885","20.4400","20.6417","20.2740","0.66"
"23.11.2016","20.6450","20.5940","20.7900","20.5490","0.27"
"24.11.2016","20.7415","20.6500","20.8017","20.6120","0.47"
"25.11.2016","20.6915","20.7555","20.7730","20.5880","-0.24"
"28.11.2016","20.6330","20.6590","20.6830","20.4910","-0.28"
"29.11.2016","20.6170","20.6480","20.7428","20.5830","-0.08"
"30.11.2016","20.5720","20.6170","20.6720","20.4370","-0.22"
"01.12.2016","20.7675","20.5735","20.8825","20.4715","0.95"
"02.12.2016","20.6275","20.7850","20.8747","20.5620","-0.67"
"05.12.2016","20.5920","20.6220","20.7400","20.5380","-0.17"
"06.12.2016","20.3960","20.5920","20.6002","20.3070","-0.95"
"07.12.2016","20.3330","20.3960","20.4250","20.2150","-0.31"
"08.12.2016","20.3025","20.3395","20.5115","20.2825","-0.15"
"09.12.2016","20.3938","20.3075","20.5049","20.2845","0.45"
"12.12.2016","20.2153","20.3747","20.3974","20.1417","-0.88"
"13.12.2016","20.2805","20.2196","20.3027","20.1780","0.32"
"14.12.2016","20.4710","20.2800","20.5030","20.1740","0.94"
"15.12.2016","20.3345","20.4710","20.6907","20.2980","-0.67"
"16.12.2016","20.4365","20.3350","20.4942","20.3021","0.50"
"19.12.2016","20.3880","20.4425","20.5161","20.3620","-0.24"
"20.12.2016","20.4613","20.3985","20.4865","20.3625","0.36"
"21.12.2016","20.5562","20.4665","20.6046","20.4192","0.46"
"22.12.2016","20.7560","20.5562","20.8390","20.5440","0.97"
"23.12.2016","20.6135","20.7610","20.8090","20.5930","-0.69"
"26.12.2016","20.6337","20.6025","20.6730","20.5830","0.10"
"27.12.2016","20.7518","20.6160","20.7837","20.5847","0.57"
"28.12.2016","20.7520","20.7622","20.7992","20.6980","0.00"
"29.12.2016","20.7275","20.7667","20.7722","20.6420","-0.12"
"30.12.2016","20.7275","20.7392","20.7470","20.5850","0.00"
"02.01.2017","20.7352","20.6895","20.7703","20.6800","0.04"
"03.01.2017","21.1110","20.7320","21.1286","20.6715","1.81"
"04.01.2017","21.4347","21.1156","21.6287","21.0176","1.53"
"05.01.2017","21.4247","21.4394","21.6166","21.1166","-0.05"
"06.01.2017","21.2290","21.4298","21.4790","21.2050","-0.91"
"09.01.2017","21.3790","21.2525","21.3904","21.1997","0.71"
"10.01.2017","21.8040","21.3796","21.8428","21.3610","1.99"
"11.01.2017","21.8610","21.8010","22.0340","21.7352","0.26"
"12.01.2017","21.7850","21.8610","21.9672","21.5650","-0.35"
"13.01.2017","21.4750","21.7900","21.8432","21.4750","-1.42"
"16.01.2017","21.7350","21.5235","21.7450","21.5040","1.21"
"17.01.2017","21.5040","21.7360","21.7360","21.4680","-1.06"
"18.01.2017","21.9290","21.5134","22.0153","21.4890","1.98"
"19.01.2017","21.9550","21.9260","22.0351","21.8405","0.12"
"20.01.2017","21.5945","21.9600","22.0010","21.5240","-1.64"
"23.01.2017","21.3930","21.5650","21.5700","21.2584","-0.93"
"24.01.2017","21.5280","21.3900","21.5331","21.2415","0.63"
"25.01.2017","21.0765","21.5325","21.5968","20.9290","-2.10"
"26.01.2017","21.2160","21.0735","21.3595","20.8585","0.66"
"27.01.2017","20.8950","21.2210","21.3892","20.8500","-1.51"
"30.01.2017","20.7890","20.8706","20.9285","20.6495","-0.51"
"31.01.2017","20.8340","20.7770","20.9020","20.6540","0.22"
"01.02.2017","20.7085","20.8340","20.8450","20.6535","-0.60"
"02.02.2017","20.5479","20.7075","20.7437","20.4250","-0.78"
"03.02.2017","20.3878","20.5553","20.6092","20.2838","-0.78"
"06.02.2017","20.5682","20.3772","20.6573","20.3102","0.88"
"07.02.2017","20.6225","20.5682","20.7475","20.5370","0.26"
"08.02.2017","20.4810","20.6228","20.6848","20.4340","-0.69"
"09.02.2017","20.3495","20.4810","20.5397","20.2970","-0.64"
"10.02.2017","20.3470","20.3550","20.4200","20.2440","-0.01"
"13.02.2017","20.2820","20.3295","20.3893","20.2545","-0.32"
"14.02.2017","20.2600","20.2758","20.4232","20.1960","-0.11"
"15.02.2017","20.2780","20.2570","20.4531","20.2270","0.09"
"16.02.2017","20.3835","20.2750","20.4167","20.2420","0.52"
"17.02.2017","20.4378","20.3912","20.5570","20.3788","0.27"
"20.02.2017","20.3735","20.4230","20.5485","20.3652","-0.31"
"21.02.2017","20.0113","20.3735","20.4950","19.9245","-1.78"
"22.02.2017","19.9073","20.0080","20.1027","19.8360","-0.52"
"23.02.2017","19.6667","19.9043","19.9848","19.6015","-1.21"
"24.02.2017","19.9103","19.6665","19.9189","19.6288","1.24"
"27.02.2017","19.9060","19.8740","19.9890","19.7370","-0.02"
"28.02.2017","20.1075","19.9085","20.1141","19.8555","1.01"
"01.03.2017","19.8110","20.1075","20.1660","19.7170","-1.47"
"02.03.2017","20.0020","19.8080","20.0320","19.7770","0.96"
"03.03.2017","19.5100","20.0070","20.1066","19.5025","-2.46"
"06.03.2017","19.6150","19.5109","19.6440","19.4310","0.54"
"07.03.2017","19.4950","19.6208","19.6600","19.4270","-0.61"
"08.03.2017","19.6715","19.4950","19.7042","19.4400","0.91"
"09.03.2017","19.8385","19.6735","19.9047","19.6525","0.85"
"10.03.2017","19.6062","19.8397","19.8773","19.5682","-1.17"
"13.03.2017","19.6191","19.5922","19.6553","19.5363","0.07"
"14.03.2017","19.6650","19.6211","19.7281","19.5695","0.23"
"15.03.2017","19.2160","19.6660","19.6871","19.1905","-2.28"
"16.03.2017","19.2660","19.2177","19.2662","19.0470","0.26"
"17.03.2017","19.0765","19.2665","19.2797","19.0635","-0.98"
"20.03.2017","19.0131","19.0814","19.1896","18.9730","-0.33"
"21.03.2017","19.1019","19.0055","19.1650","18.9367","0.47"
"22.03.2017","19.0255","19.0960","19.2397","19.0140","-0.40"
"23.03.2017","18.9300","19.0227","19.1197","18.9160","-0.50"
"24.03.2017","18.7575","18.9295","18.9805","18.7470","-0.91"
"27.03.2017","18.8905","18.7613","18.9775","18.7530","0.71"
"28.03.2017","19.0252","18.8926","19.0399","18.8112","0.71"
"29.03.2017","18.7092","19.0313","19.0385","18.6850","-1.66"
"30.03.2017","18.7190","18.7086","18.7722","18.6085","0.05"
"31.03.2017","18.7250","18.7205","18.8650","18.6620","0.03"
"03.04.2017","18.6640","18.7155","18.7791","18.6640","-0.33"
"04.04.2017","18.8220","18.6770","18.9504","18.6690","0.85"
"05.04.2017","18.8200","18.8240","18.8500","18.6815","-0.01"
"06.04.2017","18.7405","18.8225","18.9027","18.7130","-0.42"
"07.04.2017","18.6688","18.7455","18.8852","18.6190","-0.38"
"10.04.2017","18.6787","18.6520","18.7497","18.6100","0.05"
"11.04.2017","18.7813","18.6780","18.8222","18.6720","0.55"
"12.04.2017","18.5513","18.7783","18.8112","18.5409","-1.22"
"13.04.2017","18.5885","18.5561","18.6505","18.5138","0.20"
"14.04.2017","18.5038","18.5895","18.6060","18.4991","-0.46"
"17.04.2017","18.4980","18.5223","18.6028","18.4903","-0.03"
"18.04.2017","18.5940","18.4920","18.6187","18.4520","0.52"
"19.04.2017","18.8490","18.5910","18.9020","18.5780","1.37"
"20.04.2017","18.7880","18.8440","18.8866","18.7494","-0.32"
"21.04.2017","18.8125","18.7940","18.9000","18.7850","0.13"
"24.04.2017","18.7330","18.6145","18.7380","18.4652","-0.42"
"25.04.2017","18.8555","18.7345","19.0025","18.7034","0.65"
"26.04.2017","19.1830","18.8545","19.2962","18.8537","1.74"
"27.04.2017","19.0257","19.1870","19.2351","18.9011","-0.82"
"28.04.2017","18.8200","19.0195","19.1042","18.8130","-1.08"
"01.05.2017","18.7386","18.8125","18.8510","18.7205","-0.43"
"02.05.2017","18.7593","18.7350","18.8483","18.6743","0.11"
"03.05.2017","18.8660","18.7685","18.8740","18.7500","0.57"
"04.05.2017","19.0530","18.8545","19.0920","18.8250","0.99"
"05.05.2017","18.9995","19.0580","19.1342","18.9580","-0.28"
"08.05.2017","19.2110","18.9835","19.2170","18.9119","1.11"
"09.05.2017","19.1715","19.2110","19.2662","19.1010","-0.21"
"10.05.2017","19.0140","19.1710","19.1850","18.9350","-0.82"
"11.05.2017","18.8320","19.0160","19.0410","18.8300","-0.96"
"12.05.2017","18.8157","18.8331","18.9072","18.7352","-0.09"
"15.05.2017","18.6995","18.7690","18.8007","18.6265","-0.62"
"16.05.2017","18.6425","18.6970","18.7584","18.5850","-0.30"
"17.05.2017","18.7812","18.6411","18.7877","18.6029","0.74"
"18.05.2017","18.8290","18.7852","19.2170","18.7610","0.25"
"19.05.2017","18.7052","18.8290","18.8692","18.6235","-0.66"
"22.05.2017","18.6646","18.7075","18.7482","18.5550","-0.22"
"23.05.2017","18.6340","18.6725","18.7251","18.5760","-0.16"
"24.05.2017","18.4430","18.6365","18.7027","18.4430","-1.03"
"25.05.2017","18.5060","18.4450","18.5520","18.3372","0.34"
"26.05.2017","18.5180","18.5085","18.5342","18.4205","0.06"
"29.05.2017","18.4772","18.5012","18.5515","18.4460","-0.22"
"30.05.2017","18.7083","18.4742","18.7083","18.4635","1.25"
"31.05.2017","18.6212","18.6908","18.7726","18.6060","-0.47"
"01.06.2017","18.6392","18.6212","18.6693","18.5500","0.10"
"02.06.2017","18.6850","18.6380","18.7440","18.5535","0.25"
"05.06.2017","18.3430","18.7142","18.8230","18.3250","-1.83"
"06.06.2017","18.2360","18.3480","18.4405","18.2120","-0.58"
"07.06.2017","18.2267","18.2383","18.2930","18.1615","-0.05"
"08.06.2017","18.2010","18.2237","18.2590","18.1590","-0.14"
"09.06.2017","18.1720","18.2060","18.2490","18.1180","-0.16"
"12.06.2017","18.1362","18.1440","18.2120","18.1070","-0.20"
"13.06.2017","18.0550","18.1353","18.1609","18.0243","-0.45"
"14.06.2017","17.9205","18.0432","18.0595","17.8920","-0.74"
"15.06.2017","18.0480","17.9130","18.1620","17.9095","0.71"
"16.06.2017","17.9115","18.0413","18.0915","17.8985","-0.76"
"19.06.2017","17.9575","17.9177","18.0077","17.9025","0.26"
"20.06.2017","18.1895","17.9597","18.2415","17.9295","1.29"
"21.06.2017","18.2342","18.1872","18.3152","18.1194","0.25"
"22.06.2017","18.1115","18.2430","18.2515","18.0335","-0.67"
"23.06.2017","17.9996","18.1128","18.1602","17.9360","-0.62"
"26.06.2017","17.8720","18.0053","18.0190","17.8115","-0.71"
"27.06.2017","17.9910","17.8612","18.0715","17.8175","0.67"
"28.06.2017","17.8525","17.9900","18.0796","17.8415","-0.77"
"29.06.2017","18.0450","17.8455","18.1350","17.7990","1.08"
"30.06.2017","18.1278","18.0453","18.1650","17.9645","0.46"
"03.07.2017","18.2205","18.1371","18.2550","18.0855","0.51"
"04.07.2017","18.2020","18.2190","18.2642","18.1630","-0.10"
"05.07.2017","18.3025","18.1982","18.4078","18.1550","0.55"
"06.07.2017","18.2605","18.3108","18.4097","18.2215","-0.23"
"07.07.2017","18.0875","18.2669","18.3148","18.0685","-0.95"
"10.07.2017","17.9556","18.0866","18.0908","17.8855","-0.73"
"11.07.2017","17.9070","17.9567","18.0545","17.8945","-0.27"
"12.07.2017","17.7803","17.9013","17.9510","17.7235","-0.71"
"13.07.2017","17.6780","17.7737","17.8134","17.6655","-0.58"
"14.07.2017","17.5630","17.6790","17.7210","17.5310","-0.65"
"17.07.2017","17.5870","17.5515","17.6240","17.5282","0.14"
"18.07.2017","17.4794","17.5896","17.5950","17.4660","-0.61"
"19.07.2017","17.5475","17.4820","17.5715","17.4470","0.39"
"20.07.2017","17.4860","17.5615","17.6500","17.4830","-0.35"
"21.07.2017","17.6597","17.4872","17.6648","17.4758","0.99"
"24.07.2017","17.7300","17.6138","17.7680","17.5970","0.40"
"25.07.2017","17.7770","17.7267","17.8097","17.6710","0.27"
"26.07.2017","17.5900","17.7711","17.8076","17.5800","-1.05"
"27.07.2017","17.7251","17.5931","17.7709","17.5549","0.77"
"28.07.2017","17.7805","17.7298","17.8475","17.6735","0.31"
"31.07.2017","17.8013","17.7777","17.9017","17.7405","0.12"
"01.08.2017","17.8900","17.7960","17.8933","17.7360","0.50"
"02.08.2017","17.8178","17.8919","17.9718","17.7848","-0.40"
"03.08.2017","17.8450","17.8160","17.9050","17.7870","0.15"
"04.08.2017","17.8875","17.8335","17.9085","17.7925","0.24"
"07.08.2017","17.9271","17.8783","17.9966","17.8526","0.22"
"08.08.2017","17.8526","17.9299","17.9681","17.8451","-0.42"
"09.08.2017","17.9485","17.8561","18.0650","17.8430","0.54"
"10.08.2017","17.9727","17.9495","17.9909","17.8675","0.13"
"11.08.2017","17.8275","17.9727","18.0402","17.7780","-0.81"
"14.08.2017","17.7720","17.8135","17.8304","17.7325","-0.31"
"15.08.2017","17.8065","17.7718","17.8913","17.7575","0.19"
"16.08.2017","17.6646","17.8108","17.8305","17.6595","-0.80"
"17.08.2017","17.8475","17.6645","17.8827","17.6370","1.04"
"18.08.2017","17.7107","17.8517","17.9475","17.6920","-0.77"
"21.08.2017","17.6552","17.7108","17.7604","17.6342","-0.31"
"22.08.2017","17.6602","17.6515","17.6955","17.6092","0.03"
"23.08.2017","17.6870","17.6570","17.8472","17.6480","0.15"
"24.08.2017","17.7280","17.6900","17.7550","17.6357","0.23"
"25.08.2017","17.6160","17.7280","17.7340","17.5735","-0.63"
"28.08.2017","17.8750","17.6095","17.8780","17.6095","1.47"
"29.08.2017","17.8400","17.8772","17.9792","17.8155","-0.20"
"30.08.2017","17.7150","17.8417","17.9030","17.7127","-0.70"
"31.08.2017","17.8870","17.7152","17.8980","17.7100","0.97"
"01.09.2017","17.8160","17.8938","17.9140","17.7600","-0.40"
"04.09.2017","17.8730","17.8590","17.9286","17.8027","0.32"
"05.09.2017","17.9015","17.8752","17.9700","17.7694","0.16"
"06.09.2017","17.7915","17.9010","17.9132","17.7545","-0.61"
"07.09.2017","17.6725","17.7905","17.7976","17.6420","-0.67"
"","","","","",""
"","Máximo:22.0351","Mínimo:11.9332","Diferencia:10.1019","Promedio:15.1396","% var.:47.3531"
